/*
SQLyog Ultimate v12.08 (64 bit)
MySQL - 5.7.17-log : Database - xiaoshouxitong
*********************************************************************
*/

/*!40101 SET NAMES utf8 */;

/*!40101 SET SQL_MODE=''*/;

/*!40014 SET @OLD_UNIQUE_CHECKS=@@UNIQUE_CHECKS, UNIQUE_CHECKS=0 */;
/*!40014 SET @OLD_FOREIGN_KEY_CHECKS=@@FOREIGN_KEY_CHECKS, FOREIGN_KEY_CHECKS=0 */;
/*!40101 SET @OLD_SQL_MODE=@@SQL_MODE, SQL_MODE='NO_AUTO_VALUE_ON_ZERO' */;
/*!40111 SET @OLD_SQL_NOTES=@@SQL_NOTES, SQL_NOTES=0 */;
CREATE DATABASE /*!32312 IF NOT EXISTS*/`xiaoshouxitong` /*!40100 DEFAULT CHARACTER SET utf8 */;

USE `xiaoshouxitong`;

/*Table structure for table `tb_goods$` */

DROP TABLE IF EXISTS `tb_goods$`;

CREATE TABLE `tb_goods$` (
  `pid` double NOT NULL AUTO_INCREMENT,
  `address` varchar(255) DEFAULT NULL,
  `salenumbers` double DEFAULT NULL,
  `pname` varchar(255) DEFAULT NULL,
  `inprice` double DEFAULT NULL,
  `outprice` double DEFAULT NULL,
  `picture` varchar(255) DEFAULT NULL,
  `simpro` int(11) DEFAULT NULL,
  PRIMARY KEY (`pid`)
) ENGINE=InnoDB AUTO_INCREMENT=12 DEFAULT CHARSET=utf8;

/*Data for the table `tb_goods$` */

insert  into `tb_goods$`(`pid`,`address`,`salenumbers`,`pname`,`inprice`,`outprice`,`picture`,`simpro`) values (1,'http://www.mgmypf.com/?product-216.html',6361,'Gerber 泡芙 42g/1.48oz',14,24,'1.jpg',3),(2,'http://www.mgmypf.com/?product-219.html',5168,'Gerber 米糊系列',25,37,'2.jpg',5),(3,'http://www.mgmypf.com/?product-236.html',1976,'Happy Baby 禧贝 米粉系列 198g',40,65,'3.jpg',7),(4,'http://www.mgmypf.com/?product-217.html',5260,'Gerber 溶豆 28g/1oz',10,17,'4.jpg',11),(5,'http://www.mgmypf.com/?product-162.html',1592,'Culturelle 儿童益生菌冲剂30袋',24,35,'5.jpg',8),(6,'http://www.mgmypf.com/?product-218.html',2113,'Gerber 手指饼 42g',8,15,'6.jpg',5),(7,'http://www.mgmypf.com/?product-180.html',1121,'Earth‘s best 地球最好二段燕麦粉',17,28,'7.jpg',10),(8,'http://www.mgmypf.com/?product-244.html',807,'La tourangelle 拉杜蓝乔 纯核桃油 500ml',30,45,'8.jpg',9),(9,'http://www.mgmypf.com/?product-259.html',830,'Little remedies 儿童止咳棒棒糖 10 pops',10,15,'9.jpg',10),(10,'http://www.mgmypf.com/?product-181.html',668,'Earth‘s best 地球最好三段混合谷物米粉',30,38,'10.jpg',9),(11,'http://www.mgmypf.com/?product-213.html',121,'Gerber 果泥 71g*2',13,20,'11.jpg',3);

/*Table structure for table `tb_sales$` */

DROP TABLE IF EXISTS `tb_sales$`;

CREATE TABLE `tb_sales$` (
  `sid` double NOT NULL AUTO_INCREMENT,
  `uid` double DEFAULT NULL,
  `username` varchar(255) DEFAULT NULL,
  `sales` double DEFAULT NULL,
  `pname` varchar(255) DEFAULT NULL,
  `pid` double DEFAULT NULL,
  `saletime` varchar(255) DEFAULT NULL,
  PRIMARY KEY (`sid`)
) ENGINE=InnoDB AUTO_INCREMENT=3821 DEFAULT CHARSET=utf8;

/*Data for the table `tb_sales$` */

insert  into `tb_sales$`(`sid`,`uid`,`username`,`sales`,`pname`,`pid`,`saletime`) values (1,52,' li*** ',4,'苹果草莓泡芙',1,'2017-4-24	21:23:11'),(2,52,' li*** ',6,'蓝莓泡芙',1,'2017-4-24	21:23:11'),(3,52,' li*** ',3,'香蕉泡芙',1,'2017-4-24	21:23:11'),(4,26,' 小阿*** ',5,'蜜桃泡芙',1,'2017-4-24	13:29:51'),(5,26,' 小阿*** ',3,'苹果草莓泡芙',1,'2017-4-17	9:53:15'),(6,26,' 小阿*** ',3,'蜜桃泡芙',1,'2017-4-17	9:53:15'),(7,45,' 丁健 ',10,'苹果草莓泡芙',1,'2017-4-15	11:39:05'),(8,45,' 丁健 ',10,'蓝莓泡芙',1,'2017-4-15	11:39:05'),(9,45,' 丁健 ',10,'香蕉泡芙',1,'2017-4-15	11:39:05'),(10,45,' 丁健 ',10,'蜜桃泡芙',1,'2017-4-15	11:39:05'),(11,70,' 金涛*** ',2,'甜土豆泡芙',1,'2017-4-16	14:41:49'),(12,70,' 金涛*** ',2,'香草泡芙',1,'2017-4-16	14:41:49'),(13,70,' 金涛*** ',2,'苹果肉桂泡芙',1,'2017-4-16	14:41:49'),(14,70,' 金涛*** ',8,'苹果草莓泡芙',1,'2017-4-16	14:41:49'),(15,70,' 金涛*** ',2,'蓝莓泡芙',1,'2017-4-16	14:41:49'),(16,70,' 金涛*** ',8,'香蕉泡芙',1,'2017-4-16	14:41:49'),(17,70,' 金涛*** ',2,'蜜桃泡芙',1,'2017-4-16	14:41:49'),(18,72,' 大米 ',3,'苹果草莓泡芙',1,'2017-4-12	21:59:14'),(19,72,' 大米 ',3,'蓝莓泡芙',1,'2017-4-12	21:59:14'),(20,72,' 大米 ',3,'香蕉泡芙',1,'2017-4-12	21:59:14'),(21,52,'li***  ',4,'苹果草莓泡芙',1,'2017-4-24	21:23:11'),(22,52,'li***  ',6,'蓝莓泡芙',1,'2017-4-24	21:23:11'),(23,52,'li***  ',3,'香蕉泡芙',1,'2017-4-24	21:23:11'),(24,26,'小阿***  ',5,'蜜桃泡芙',1,'2017-4-24	13:29:51'),(25,26,'小阿***  ',3,'苹果草莓泡芙',1,'2017-4-17	9:53:15'),(26,26,'小阿***  ',3,'蜜桃泡芙',1,'2017-4-17	9:53:15'),(27,45,'丁健  ',10,'苹果草莓泡芙',1,'2017-4-15	11:39:05'),(28,45,'丁健  ',10,'蓝莓泡芙',1,'2017-4-15	11:39:05'),(29,45,'丁健  ',10,'香蕉泡芙',1,'2017-4-15	11:39:05'),(30,45,'丁健  ',10,'蜜桃泡芙',1,'2017-4-15	11:39:05'),(31,70,'金涛***  ',2,'甜土豆泡芙',1,'2017-4-16	14:41:49'),(32,70,'金涛***  ',2,'香草泡芙',1,'2017-4-16	14:41:49'),(33,70,'金涛***  ',2,'苹果肉桂泡芙',1,'2017-4-16	14:41:49'),(34,70,'金涛***  ',8,'苹果草莓泡芙',1,'2017-4-16	14:41:49'),(35,70,'金涛***  ',2,'蓝莓泡芙',1,'2017-4-16	14:41:49'),(36,70,'金涛***  ',8,'香蕉泡芙',1,'2017-4-16	14:41:49'),(37,70,'金涛***  ',2,'蜜桃泡芙',1,'2017-4-16	14:41:49'),(38,72,'大米  ',3,'苹果草莓泡芙',1,'2017-4-12	21:59:14'),(39,72,'大米  ',3,'蓝莓泡芙',1,'2017-4-12	21:59:14'),(40,72,'大米  ',3,'香蕉泡芙',1,'2017-4-12	21:59:14'),(41,31,' 99*** ',1,'二段有机燕麦米粉',2,'2017-4-25	9:02:50'),(42,31,' 99*** ',1,'DHA益生菌米粉',2,'2017-4-25	9:02:50'),(43,54,' 糖糖*** ',2,'香蕉苹果草莓',2,'2017-4-23	10:31:39'),(44,54,' 糖糖*** ',2,'三段燕麦香蕉草莓米粉',2,'2017-4-23	10:31:39'),(45,52,' li*** ',1,'二段有机燕麦米粉',2,'2017-4-23	22:47:12'),(46,52,' li*** ',1,'苹果土豆',2,'2017-4-23	22:47:12'),(47,52,' li*** ',1,'三段全谷物苹果蓝莓',2,'2017-4-23	22:47:12'),(48,52,' li*** ',1,'三段燕麦香蕉草莓米粉',2,'2017-4-23	22:47:12'),(49,52,' li*** ',1,'三段混合谷物米粉',2,'2017-4-23	22:47:12'),(50,33,' ch*** ',1,'DHA益生菌米粉',2,'2017-4-22	0:22:23'),(51,33,' ch*** ',1,'一段米粉',2,'2017-4-22	0:22:23'),(52,33,' ch*** ',1,'三段燕麦苹果肉桂',2,'2017-4-20	0:49:07'),(53,33,' ch*** ',1,'三段全谷物苹果蓝莓',2,'2017-4-20	0:49:07'),(54,33,' ch*** ',1,'三段混合谷物米粉',2,'2017-4-20	0:49:07'),(55,33,' ch*** ',1,'香蕉苹果大米粉',2,'2017-4-18	0:11:28'),(56,33,' ch*** ',1,'二段燕麦粉',2,'2017-4-18	0:11:28'),(57,33,' ch*** ',1,'DHA益生菌米粉',2,'2017-4-18	0:17:16'),(58,33,' ch*** ',1,'DHA益生菌米粉',2,'2017-4-12	23:34:19'),(59,33,' ch*** ',2,'一段米粉',2,'2017-4-12	23:34:19'),(60,26,' 小阿*** ',5,'二段燕麦粉',2,'2017-4-8	22:48:54'),(61,31,'99***  ',1,'二段有机燕麦米粉',2,'2017-4-25	9:02:50'),(62,31,'99***  ',1,'DHA益生菌米粉',2,'2017-4-25	9:02:50'),(63,54,'糖糖***  ',2,'香蕉苹果草莓',2,'2017-4-23	10:31:39'),(64,54,'糖糖***  ',2,'三段燕麦香蕉草莓米粉',2,'2017-4-23	10:31:39'),(65,52,'li***  ',1,'二段有机燕麦米粉',2,'2017-4-23	22:47:12'),(66,52,'li***  ',1,'苹果土豆',2,'2017-4-23	22:47:12'),(67,52,'li***  ',1,'三段全谷物苹果蓝莓',2,'2017-4-23	22:47:12'),(68,52,'li***  ',1,'三段燕麦香蕉草莓米粉',2,'2017-4-23	22:47:12'),(69,52,'li***  ',1,'三段混合谷物米粉',2,'2017-4-23	22:47:12'),(70,33,'ch***  ',1,'DHA益生菌米粉',2,'2017-4-22	0:22:23'),(71,33,'ch***  ',1,'一段米粉',2,'2017-4-22	0:22:23'),(72,33,'ch***  ',1,'三段燕麦苹果肉桂',2,'2017-4-20	0:49:07'),(73,33,'ch***  ',1,'三段全谷物苹果蓝莓',2,'2017-4-20	0:49:07'),(74,33,'ch***  ',1,'三段混合谷物米粉',2,'2017-4-20	0:49:07'),(75,33,'ch***  ',1,'香蕉苹果大米粉',2,'2017-4-18	0:11:28'),(76,33,'ch***  ',1,'二段燕麦粉',2,'2017-4-18	0:11:28'),(77,33,'ch***  ',1,'DHA益生菌米粉',2,'2017-4-18	0:17:16'),(78,33,'ch***  ',1,'DHA益生菌米粉',2,'2017-4-12	23:34:19'),(79,33,'ch***  ',2,'一段米粉',2,'2017-4-12	23:34:19'),(80,26,'小阿***  ',5,'二段燕麦粉',2,'2017-4-8	22:48:54'),(81,43,'hs***  ',12,'三段全谷物苹果蓝莓',2,'2017-4-9	23:04:23'),(82,43,'hs***  ',12,'三段燕麦香蕉草莓米粉',2,'2017-4-9	23:04:23'),(83,43,'hs***  ',9,'二段燕麦香蕉',2,'2017-4-9	23:04:23'),(84,43,'hs***  ',9,'二段燕麦粉',2,'2017-4-9	23:04:23'),(85,43,'hs***  ',12,'三段全谷物苹果蓝莓',2,'2017-4-9	23:04:23'),(86,43,'hs***  ',12,'三段燕麦香蕉草莓米粉',2,'2017-4-9	23:04:23'),(87,43,'hs***  ',9,'二段燕麦香蕉',2,'2017-4-9	23:04:23'),(88,43,'hs***  ',9,'二段燕麦粉',2,'2017-4-9	23:04:23'),(89,73,'zh***  ',1,'一段米粉',2,'2017-4-11	22:50:46'),(90,33,'ch***  ',1,'DHA益生菌米粉',2,'2017-4-10	21:45:50'),(91,33,'ch***  ',1,'DHA益生菌米粉',2,'2017-4-10	21:58:50'),(92,33,'ch***  ',1,'DHA益生菌米粉',2,'2017-4-11	1:36:41'),(93,33,'ch***  ',2,'一段米粉',2,'2017-4-7	23:22:06'),(94,33,'ch***  ',1,'三段全谷物苹果蓝莓',2,'2017-4-6	22:48:09'),(95,73,'zh***  ',1,'三段全谷物苹果蓝莓',2,'2017-4-7	0:52:51'),(96,73,'zh***  ',1,'三段燕麦香蕉草莓米粉',2,'2017-4-7	0:52:51'),(97,73,'zh***  ',1,'三段全谷物苹果蓝莓',2,'2017-4-6	23:00:29'),(98,73,'zh***  ',1,'三段燕麦香蕉草莓米粉',2,'2017-4-6	23:00:29'),(99,59,'贝乐  ',5,'香蕉苹果草莓',2,'2017-4-3	19:24:04'),(100,59,'贝乐  ',5,'三段全谷物苹果蓝莓',2,'2017-4-3	19:24:04'),(101,59,'贝乐  ',5,'DHA益生菌米粉',2,'2017-4-3	19:24:04'),(102,59,'贝乐  ',5,'三段混合谷物米粉',2,'2017-4-3	19:24:04'),(103,59,'贝乐  ',5,'香蕉苹果大米粉',2,'2017-4-3	19:24:04'),(104,59,'贝乐  ',5,'二段燕麦粉',2,'2017-4-3	19:24:04'),(105,59,'贝乐  ',5,'一段米粉',2,'2017-4-3	19:24:04'),(106,73,'zh***  ',2,'燕麦桃子苹果',2,'2017-4-6	13:52:51'),(107,73,'zh***  ',2,'香蕉苹果大米粉',2,'2017-4-6	13:52:51'),(108,47,'18***  ',6,'DHA益生菌米粉',2,'2017-4-4	11:55:44'),(109,20,'零售***  ',10,'三段混合谷物米粉',2,'2017-4-6	3:36:02'),(110,73,'zh***  ',1,'一段米粉',2,'2017-3-31	0:46:19'),(111,33,'ch***  ',1,'香蕉苹果大米粉',2,'2017-3-30	23:38:17'),(112,33,'ch***  ',1,'二段燕麦粉',2,'2017-3-30	23:38:17'),(113,12,'gr***  ',5,'三段草莓树梅谷物混合米粉',2,'2017-3-29	2:48:42'),(114,12,'gr***  ',5,'香蕉苹果草莓',2,'2017-3-29	2:48:42'),(115,12,'gr***  ',5,'三段全谷物苹果蓝莓',2,'2017-3-29	2:48:42'),(116,12,'gr***  ',5,'DHA益生菌米粉',2,'2017-3-29	2:48:42'),(117,12,'gr***  ',3,'燕麦桃子苹果',2,'2017-3-29	2:48:42'),(118,12,'gr***  ',3,'香蕉苹果大米粉',2,'2017-3-29	2:48:42'),(119,12,'gr***  ',5,'一段米粉',2,'2017-3-29	2:48:42'),(120,58,'yy***  ',3,'DHA益生菌米粉',2,'2017-3-25	11:40:45'),(121,45,' 丁健 ',10,'二段燕麦米粉',3,'2017-4-15	11:39:05'),(122,52,' li*** ',2,'二段燕麦米粉',3,'2017-4-23	22:47:12'),(123,73,' zh*** ',4,'二段燕麦米粉',3,'2017-4-19	0:12:23'),(124,52,' li*** ',5,'二段燕麦米粉',3,'2017-4-14	20:45:20'),(125,73,' zh*** ',3,'二段燕麦米粉',3,'2017-4-16	1:40:03'),(126,52,' li*** ',3,'二段燕麦米粉',3,'2017-4-11	22:39:28'),(127,52,' li*** ',2,'二段燕麦米粉',3,'2017-4-12	23:21:21'),(128,33,' ch*** ',1,'二段燕麦米粉',3,'2017-4-7	23:22:06'),(129,73,' zh*** ',3,'二段燕麦米粉',3,'2017-4-7	15:47:17'),(130,59,' 贝乐 ',5,'二段燕麦米粉',3,'2017-4-3	19:24:04'),(131,52,' li*** ',3,'二段燕麦米粉',3,'2017-4-6	20:26:06'),(132,51,' ti*** ',5,'三段混合谷物米粉',3,'2017-3-28	16:22:51'),(133,51,' ti*** ',5,'一段大米米粉',3,'2017-3-28	16:22:51'),(134,73,' zh*** ',3,'二段燕麦米粉',3,'2017-3-31	1:32:31'),(135,58,' yy*** ',3,'二段燕麦米粉',3,'2017-3-25	11:40:45'),(136,47,' 18*** ',1,'二段燕麦米粉',3,'2017-3-28	16:54:16'),(137,52,' li*** ',1,'二段燕麦米粉',3,'2017-3-28	23:18:22'),(138,52,' li*** ',1,'一段大米米粉',3,'2017-3-28	23:18:22'),(139,21,' 高级*** ',12,'三段混合谷物米粉',3,'2017-3-18	11:44:17'),(140,21,' 高级*** ',12,'一段大米米粉',3,'2017-3-18	11:44:17'),(141,45,'丁健  ',10,'二段燕麦米粉',3,'  2017-04-15 11:39:05'),(142,52,'li***  ',2,'二段燕麦米粉',3,'  2017-04-23 22:47:12'),(143,73,'zh***  ',4,'二段燕麦米粉',3,'  2017-04-19 00:12:23'),(144,52,'li***  ',5,'二段燕麦米粉',3,'  2017-04-14 20:45:20'),(145,73,'zh***  ',3,'二段燕麦米粉',3,'  2017-04-16 01:40:03'),(146,52,'li***  ',3,'二段燕麦米粉',3,'  2017-04-11 22:39:28'),(147,52,'li***  ',2,'二段燕麦米粉',3,'  2017-04-12 23:21:21'),(148,33,'ch***  ',1,'二段燕麦米粉',3,'  2017-04-07 23:22:06'),(149,73,'zh***  ',3,'二段燕麦米粉',3,'  2017-04-07 15:47:17'),(150,59,'贝乐  ',5,'二段燕麦米粉',3,'  2017-04-03 19:24:04'),(151,52,'li***  ',3,'二段燕麦米粉',3,'  2017-04-06 20:26:06'),(152,51,'ti***  ',5,'三段混合谷物米粉',3,'  2017-03-28 16:22:51'),(153,51,'ti***  ',5,'一段大米米粉',3,'  2017-03-28 16:22:51'),(154,73,'zh***  ',3,'二段燕麦米粉',3,'  2017-03-31 01:32:31'),(155,58,'yy***  ',3,'二段燕麦米粉',3,'  2017-03-25 11:40:45'),(156,47,'18***  ',1,'二段燕麦米粉',3,'  2017-03-28 16:54:16'),(157,52,'li***  ',1,'二段燕麦米粉',3,'  2017-03-28 23:18:22'),(158,52,'li***  ',1,'一段大米米粉',3,'  2017-03-28 23:18:22'),(159,21,'高级***  ',12,'三段混合谷物米粉',3,'  2017-03-18 11:44:17'),(160,21,'高级***  ',12,'一段大米米粉',3,'  2017-03-18 11:44:17'),(161,45,'丁健  ',12,'三段混合谷物米粉',3,'  2017-03-24 18:53:25'),(162,45,'丁健  ',12,'一段大米米粉',3,'  2017-03-24 18:53:25'),(163,52,'li***  ',5,'二段燕麦米粉',3,'  2017-03-25 22:39:23'),(164,73,'zh***  ',3,'二段燕麦米粉',3,'  2017-03-24 13:57:21'),(165,45,'丁健  ',12,'三段混合谷物米粉',3,'  2017-03-24 18:53:25'),(166,45,'丁健  ',12,'一段大米米粉',3,'  2017-03-24 18:53:25'),(167,73,'zh***  ',1,'二段燕麦米粉',3,'  2017-03-21 14:45:29'),(168,52,'li***  ',5,'三段混合谷物米粉',3,'  2017-03-20 19:14:46'),(169,52,'li***  ',3,'一段大米米粉',3,'  2017-03-20 19:14:46'),(170,73,'zh***  ',3,'三段混合谷物米粉',3,'  2017-03-20 16:28:38'),(171,73,'zh***  ',4,'二段燕麦米粉',3,'  2017-03-19 00:49:33'),(172,52,'li***  ',1,'三段混合谷物米粉',3,'  2017-03-16 21:24:30'),(173,52,'li***  ',1,'二段燕麦米粉',3,'  2017-03-16 21:24:30'),(174,52,'li***  ',3,'二段燕麦米粉',3,'  2017-03-17 23:50:09'),(175,52,'li***  ',3,'三段混合谷物米粉',3,'  2017-03-16 21:52:24'),(176,52,'li***  ',3,'二段燕麦米粉',3,'  2017-03-16 21:52:24'),(177,21,'高级***  ',1,'二段燕麦米粉',3,'  2017-03-17 15:50:00'),(178,63,'ca***  ',4,'二段燕麦米粉',3,'  2017-02-28 17:14:02'),(179,63,'ca***  ',2,'一段大米米粉',3,'  2017-02-28 17:14:02'),(180,34,'ry***  ',2,'三段混合谷物米粉',3,'  2017-03-15 00:46:43'),(181,34,'ry***  ',2,'二段燕麦米粉',3,'  2017-03-15 00:46:43'),(182,52,'li***  ',2,'三段混合谷物米粉',3,'  2017-03-14 22:38:31'),(183,52,'li***  ',3,'一段大米米粉',3,'  2017-03-10 21:49:02'),(184,73,'zh***  ',2,'二段燕麦米粉',3,'  2017-03-09 16:45:54'),(185,34,'ry***  ',1,'二段燕麦米粉',3,'  2017-03-08 00:26:13'),(186,73,'zh***  ',5,'二段燕麦米粉',3,'  2017-03-07 00:12:22'),(187,58,'yy***  ',10,'二段燕麦米粉',3,'  2017-02-24 10:40:56'),(188,58,'yy***  ',10,'一段大米米粉',3,'  2017-02-24 10:40:56'),(189,22,'sl***  ',6,'三段混合谷物米粉',3,'  2017-03-01 08:13:52'),(190,58,'yy***  ',10,'二段燕麦米粉',3,'  2017-02-24 10:40:56'),(191,58,'yy***  ',10,'一段大米米粉',3,'  2017-02-24 10:40:56'),(192,73,'zh***  ',2,'三段混合谷物米粉',3,'  2017-03-01 17:11:08'),(193,60,'le***  ',2,'一段大米米粉',3,'  2017-02-25 10:37:03'),(194,73,'zh***  ',5,'二段燕麦米粉',3,'  2017-02-28 14:41:25'),(195,34,'ry***  ',3,'三段混合谷物米粉',3,'  2017-02-23 22:48:17'),(196,34,'ry***  ',2,'二段燕麦米粉',3,'  2017-02-23 22:48:17'),(197,34,'ry***  ',1,'一段大米米粉',3,'  2017-02-23 22:48:17'),(198,20,'零售***  ',1,'二段燕麦米粉',3,'  2017-02-28 06:49:27'),(199,73,'zh***  ',5,'二段燕麦米粉',3,'  2017-02-26 23:27:11'),(200,52,'li***  ',3,'三段混合谷物米粉',3,'  2017-02-27 20:39:49'),(201,52,'li***  ',3,'二段燕麦米粉',3,'  2017-02-27 20:39:49'),(202,22,'sl***  ',42,'三段混合谷物米粉',3,'  2017-02-25 08:46:28'),(203,33,'ch***  ',2,'二段燕麦米粉',3,'  2017-02-25 00:14:51'),(204,72,'大米  ',5,'一段大米米粉',3,'  2017-02-19 08:48:43'),(205,22,'sl***  ',6,'三段混合谷物米粉',3,'  2017-02-23 07:20:30'),(206,73,'zh***  ',4,'二段燕麦米粉',3,'  2017-02-22 19:52:21'),(207,73,'zh***  ',1,'二段燕麦米粉',3,'  2017-02-18 13:15:08'),(208,34,'ry***  ',5,'三段混合谷物米粉',3,'  2017-02-16 16:49:32'),(209,34,'ry***  ',3,'二段燕麦米粉',3,'  2017-02-16 16:49:32'),(210,52,'li***  ',2,'二段燕麦米粉',3,'  2017-02-17 23:55:54'),(211,52,'li***  ',2,'三段混合谷物米粉',3,'  2017-02-15 22:33:44'),(212,73,'zh***  ',3,'三段混合谷物米粉',3,'  2017-02-17 23:28:57'),(213,73,'zh***  ',6,'二段燕麦米粉',3,'  2017-02-17 23:28:57'),(214,73,'zh***  ',2,'三段混合谷物米粉',3,'  2017-02-07 20:50:57'),(215,73,'zh***  ',9,'二段燕麦米粉',3,'  2017-02-07 20:50:57'),(216,73,'zh***  ',11,'一段大米米粉',3,'  2017-02-07 20:50:57'),(217,72,'大米  ',1,'三段混合谷物米粉',3,'  2017-02-16 10:00:46'),(218,72,'大米  ',1,'二段燕麦米粉',3,'  2017-02-16 10:00:46'),(219,72,'大米  ',1,'一段大米米粉',3,'  2017-02-16 10:00:46'),(220,73,'zh***  ',5,'三段混合谷物米粉',3,'  2017-02-09 23:23:08'),(221,73,'zh***  ',5,'二段燕麦米粉',3,'  2017-02-09 23:23:08'),(222,73,'zh***  ',5,'一段大米米粉',3,'  2017-02-09 23:23:08'),(223,63,'ca***  ',1,'二段燕麦米粉',3,'  2017-02-04 17:18:57'),(224,63,'ca***  ',1,'一段大米米粉',3,'  2017-02-04 17:18:57'),(225,52,'li***  ',1,'二段燕麦米粉',3,'  2017-02-15 22:01:55'),(226,37,'李美***  ',3,'三段混合谷物米粉',3,'  2017-02-11 09:28:45'),(227,37,'李美***  ',3,'二段燕麦米粉',3,'  2017-02-11 09:28:45'),(228,37,'李美***  ',3,'一段大米米粉',3,'  2017-02-11 09:28:45'),(229,73,'zh***  ',2,'二段燕麦米粉',3,'  2017-02-11 16:06:59'),(230,73,'zh***  ',1,'二段燕麦米粉',3,'  2017-02-03 17:23:13'),(231,73,'zh***  ',1,'一段大米米粉',3,'  2017-02-03 17:23:13'),(232,30,'初级***  ',1,'二段燕麦米粉',3,'  2017-02-07 10:00:53'),(233,73,'zh***  ',2,'三段混合谷物米粉',3,'  2017-02-07 20:50:57'),(234,73,'zh***  ',9,'二段燕麦米粉',3,'  2017-02-07 20:50:57'),(235,73,'zh***  ',11,'一段大米米粉',3,'  2017-02-07 20:50:57'),(236,63,'ca***  ',1,'二段燕麦米粉',3,'  2017-02-04 17:18:57'),(237,63,'ca***  ',1,'一段大米米粉',3,'  2017-02-04 17:18:57'),(238,73,'zh***  ',1,'二段燕麦米粉',3,'  2017-02-07 19:58:56'),(239,52,'li***  ',1,'三段混合谷物米粉',3,'  2017-02-06 21:12:52'),(240,52,'li***  ',2,'二段燕麦米粉',3,'  2017-02-06 21:12:52'),(241,52,' li*** ',3,'热带蔬果溶豆Truly',4,'2017-4-24	21:23:11'),(242,52,' li*** ',3,'混合蔬果溶豆Very',4,'2017-4-24	21:23:11'),(243,73,' zh*** ',3,'香蕉香草溶豆',4,'2017-4-24	18:53:01'),(244,73,' zh*** ',3,'草莓溶豆',4,'2017-4-24	18:53:01'),(245,73,' zh*** ',3,'混合梅溶豆',4,'2017-4-24	18:53:01'),(246,73,' zh*** ',3,'蜜桃溶豆',4,'2017-4-24	18:53:01'),(247,45,' 丁健 ',10,'有机香蕉草莓溶豆',4,'2017-4-15	11:39:05'),(248,45,' 丁健 ',10,'有机红梅溶豆',4,'2017-4-15	11:39:05'),(249,45,' 丁健 ',10,'热带蔬果溶豆Truly',4,'2017-4-15	11:39:05'),(250,45,' 丁健 ',10,'混合蔬果溶豆Very',4,'2017-4-15	11:39:05'),(251,45,' 丁健 ',10,'香蕉香草溶豆',4,'2017-4-15	11:39:05'),(252,45,' 丁健 ',10,'草莓溶豆',4,'2017-4-15	11:39:05'),(253,45,' 丁健 ',10,'混合梅溶豆',4,'2017-4-15	11:39:05'),(254,45,' 丁健 ',10,'蜜桃溶豆',4,'2017-4-15	11:39:05'),(255,60,' le*** ',4,'热带蔬果溶豆Truly',4,'2017-4-19	21:04:49'),(256,60,' le*** ',2,'混合蔬果溶豆Very',4,'2017-4-19	21:04:49'),(257,60,' le*** ',4,'香蕉香草溶豆',4,'2017-4-19	21:04:49'),(258,60,' le*** ',6,'草莓溶豆',4,'2017-4-19	21:04:49'),(259,60,' le*** ',4,'混合梅溶豆',4,'2017-4-19	21:04:49'),(260,70,' 金涛*** ',3,'有机香蕉草莓溶豆',4,'2017-4-15	17:20:04'),(261,52,'li***  ',3,'热带蔬果溶豆Truly',4,'2017-4-24	21:23:11'),(262,52,'li***  ',3,'混合蔬果溶豆Very',4,'2017-4-24	21:23:11'),(263,73,'zh***  ',3,'香蕉香草溶豆',4,'2017-4-24	18:53:01'),(264,73,'zh***  ',3,'草莓溶豆',4,'2017-4-24	18:53:01'),(265,73,'zh***  ',3,'混合梅溶豆',4,'2017-4-24	18:53:01'),(266,73,'zh***  ',3,'蜜桃溶豆',4,'2017-4-24	18:53:01'),(267,45,'丁健  ',10,'有机香蕉草莓溶豆',4,'2017-4-15	11:39:05'),(268,45,'丁健  ',10,'有机红梅溶豆',4,'2017-4-15	11:39:05'),(269,45,'丁健  ',10,'热带蔬果溶豆Truly',4,'2017-4-15	11:39:05'),(270,45,'丁健  ',10,'混合蔬果溶豆Very',4,'2017-4-15	11:39:05'),(271,45,'丁健  ',10,'香蕉香草溶豆',4,'2017-4-15	11:39:05'),(272,45,'丁健  ',10,'草莓溶豆',4,'2017-4-15	11:39:05'),(273,45,'丁健  ',10,'混合梅溶豆',4,'2017-4-15	11:39:05'),(274,45,'丁健  ',10,'蜜桃溶豆',4,'2017-4-15	11:39:05'),(275,60,'le***  ',4,'热带蔬果溶豆Truly',4,'2017-4-19	21:04:49'),(276,60,'le***  ',2,'混合蔬果溶豆Very',4,'2017-4-19	21:04:49'),(277,60,'le***  ',4,'香蕉香草溶豆',4,'2017-4-19	21:04:49'),(278,60,'le***  ',6,'草莓溶豆',4,'2017-4-19	21:04:49'),(279,60,'le***  ',4,'混合梅溶豆',4,'2017-4-19	21:04:49'),(280,70,'金涛***  ',3,'有机香蕉草莓溶豆',4,'2017-4-15	17:20:04'),(281,70,'金涛***  ',3,'草莓溶豆',4,'2017-4-15	17:20:04'),(282,3,'哟哟***  ',1,'混合蔬果溶豆Very',4,'2017-4-18	22:17:04'),(283,3,'哟哟***  ',1,'草莓溶豆',4,'2017-4-18	22:17:04'),(284,3,'哟哟***  ',1,'蜜桃溶豆',4,'2017-4-18	22:17:04'),(285,52,'li***  ',1,'有机香蕉草莓溶豆',4,'2017-4-14	20:45:20'),(286,52,'li***  ',3,'热带蔬果溶豆Truly',4,'2017-4-14	20:45:20'),(287,52,'li***  ',3,'混合蔬果溶豆Very',4,'2017-4-14	20:45:20'),(288,52,'li***  ',3,'香蕉香草溶豆',4,'2017-4-14	20:45:20'),(289,52,'li***  ',3,'草莓溶豆',4,'2017-4-14	20:45:20'),(290,52,'li***  ',3,'混合梅溶豆',4,'2017-4-14	20:45:20'),(291,52,'li***  ',3,'蜜桃溶豆',4,'2017-4-14	20:45:20'),(292,52,'li***  ',2,'热带蔬果溶豆Truly',4,'2017-4-11	22:39:28'),(293,52,'li***  ',2,'混合蔬果溶豆Very',4,'2017-4-11	22:39:28'),(294,52,'li***  ',3,'香蕉香草溶豆',4,'2017-4-11	22:39:28'),(295,52,'li***  ',2,'草莓溶豆',4,'2017-4-11	22:39:28'),(296,52,'li***  ',3,'混合梅溶豆',4,'2017-4-11	22:39:28'),(297,76,'彤彤***  ',1,'热带蔬果溶豆Truly',4,'2017-4-11	22:09:03'),(298,76,'彤彤***  ',1,'混合蔬果溶豆Very',4,'2017-4-11	22:09:03'),(299,76,'彤彤***  ',1,'香蕉香草溶豆',4,'2017-4-11	22:09:03'),(300,76,'彤彤***  ',1,'蜜桃溶豆',4,'2017-4-11	22:09:03'),(301,26,'小阿***  ',3,'混合梅溶豆',4,'2017-4-8	22:48:54'),(302,26,'小阿***  ',3,'蜜桃溶豆',4,'2017-4-8	22:48:54'),(303,79,'赖赖  ',1,'混合蔬果溶豆Very',4,'2017-4-7	10:22:37'),(304,79,'赖赖  ',1,'香蕉香草溶豆',4,'2017-4-7	10:22:37'),(305,79,'赖赖  ',1,'草莓溶豆',4,'2017-4-7	10:22:37'),(306,79,'赖赖  ',1,'混合梅溶豆',4,'2017-4-7	10:22:37'),(307,79,'赖赖  ',2,'蜜桃溶豆',4,'2017-4-7	10:22:37'),(308,79,'赖赖  ',1,'混合蔬果溶豆Very',4,'2017-4-7	10:22:37'),(309,79,'赖赖  ',1,'香蕉香草溶豆',4,'2017-4-7	10:22:37'),(310,79,'赖赖  ',1,'草莓溶豆',4,'2017-4-7	10:22:37'),(311,79,'赖赖  ',1,'混合梅溶豆',4,'2017-4-7	10:22:37'),(312,79,'赖赖  ',2,'蜜桃溶豆',4,'2017-4-7	10:22:37'),(313,60,'le***  ',2,'热带蔬果溶豆Truly',4,'2017-4-7	12:43:09'),(314,60,'le***  ',2,'混合蔬果溶豆Very',4,'2017-4-7	12:43:09'),(315,60,'le***  ',2,'香蕉香草溶豆',4,'2017-4-7	12:43:09'),(316,60,'le***  ',2,'草莓溶豆',4,'2017-4-7	12:43:09'),(317,60,'le***  ',2,'混合梅溶豆',4,'2017-4-7	12:43:09'),(318,59,'贝乐  ',10,'混合蔬果溶豆Very',4,'2017-4-3	19:24:04'),(319,59,'贝乐  ',10,'草莓溶豆',4,'2017-4-3	19:24:04'),(320,59,'贝乐  ',10,'蜜桃溶豆',4,'2017-4-3	19:24:04'),(321,52,'li***  ',2,'香蕉香草溶豆',4,'2017-4-6	20:26:06'),(322,52,'li***  ',2,'混合梅溶豆',4,'2017-4-6	20:26:06'),(323,51,'ti***  ',2,'香蕉香草溶豆',4,'2017-3-28	16:22:51'),(324,51,'ti***  ',2,'草莓溶豆',4,'2017-3-28	16:22:51'),(325,51,'ti***  ',2,'混合梅溶豆',4,'2017-3-28	16:22:51'),(326,51,'ti***  ',2,'蜜桃溶豆',4,'2017-3-28	16:22:51'),(327,53,'甜心***  ',6,'混合蔬果溶豆Very',4,'2017-3-30	13:41:04'),(328,53,'甜心***  ',6,'香蕉香草溶豆',4,'2017-3-30	13:41:04'),(329,53,'甜心***  ',12,'草莓溶豆',4,'2017-3-30	13:41:04'),(330,53,'甜心***  ',6,'混合梅溶豆',4,'2017-3-30	13:41:04'),(331,53,'甜心***  ',6,'蜜桃溶豆',4,'2017-3-30	13:41:04'),(332,73,'zh***  ',3,'混合蔬果溶豆Very',4,'2017-3-31	1:32:31'),(333,73,'zh***  ',3,'香蕉香草溶豆',4,'2017-3-31	1:32:31'),(334,73,'zh***  ',3,'草莓溶豆',4,'2017-3-31	1:32:31'),(335,73,'zh***  ',3,'混合梅溶豆',4,'2017-3-31	1:32:31'),(336,73,'zh***  ',3,'蜜桃溶豆',4,'2017-3-31	1:32:31'),(337,47,'18***  ',1,'有机红梅溶豆',4,'2017-3-28	16:54:16'),(338,47,'18***  ',1,'混合蔬果溶豆Very',4,'2017-3-28	16:54:16'),(339,47,'18***  ',1,'香蕉香草溶豆',4,'2017-3-28	16:54:16'),(340,47,'18***  ',1,'草莓溶豆',4,'2017-3-28	16:54:16'),(341,47,'18***  ',1,'混合梅溶豆',4,'2017-3-28	16:54:16'),(342,47,'18***  ',1,'蜜桃溶豆',4,'2017-3-28	16:54:16'),(343,73,'zh***  ',1,'混合蔬果溶豆Very',4,'2017-3-29	1:44:28'),(344,73,'zh***  ',1,'香蕉香草溶豆',4,'2017-3-29	1:44:28'),(345,73,'zh***  ',1,'草莓溶豆',4,'2017-3-29	1:44:28'),(346,73,'zh***  ',1,'蜜桃溶豆',4,'2017-3-29	1:44:28'),(347,73,'zh***  ',2,'香蕉香草溶豆',4,'2017-3-24	2:05:46'),(348,73,'zh***  ',2,'草莓溶豆',4,'2017-3-24	2:05:46'),(349,73,'zh***  ',2,'混合梅溶豆',4,'2017-3-24	2:05:46'),(350,69,'姝s***  ',6,'有机香蕉草莓溶豆',4,'2017-3-24	11:39:43'),(351,69,'姝s***  ',6,'有机红梅溶豆',4,'2017-3-24	11:39:43'),(352,69,'姝s***  ',3,'混合蔬果溶豆Very',4,'2017-3-24	11:39:43'),(353,69,'姝s***  ',6,'香蕉香草溶豆',4,'2017-3-24	11:39:43'),(354,69,'姝s***  ',12,'混合梅溶豆',4,'2017-3-24	11:39:43'),(355,69,'姝s***  ',6,'蜜桃溶豆',4,'2017-3-24	11:39:43'),(356,74,'tr***  ',3,'混合蔬果溶豆Very',4,'2017-3-24	21:33:20'),(357,74,'tr***  ',3,'草莓溶豆',4,'2017-3-24	21:33:20'),(358,74,'tr***  ',2,'混合梅溶豆',4,'2017-3-24	21:33:20'),(359,74,'tr***  ',2,'蜜桃溶豆',4,'2017-3-24	21:33:20'),(360,63,'ca***  ',1,'混合蔬果溶豆Very',4,'2017-3-21	16:59:15'),(361,63,'ca***  ',2,'香蕉香草溶豆',4,'2017-3-21	16:59:15'),(362,63,'ca***  ',1,'草莓溶豆',4,'2017-3-21	16:59:15'),(363,63,'ca***  ',1,'混合梅溶豆',4,'2017-3-21	16:59:15'),(364,63,'ca***  ',2,'蜜桃溶豆',4,'2017-3-21	16:59:15'),(365,73,'zh***  ',1,'香蕉香草溶豆',4,'2017-3-19	0:49:33'),(366,73,'zh***  ',1,'草莓溶豆',4,'2017-3-19	0:49:33'),(367,52,'li***  ',3,'香蕉香草溶豆',4,'2017-3-17	23:50:09'),(368,52,'li***  ',6,'草莓溶豆',4,'2017-3-17	23:50:09'),(369,52,'li***  ',3,'混合梅溶豆',4,'2017-3-17	23:50:09'),(370,52,'li***  ',2,'蜜桃溶豆',4,'2017-3-17	23:50:09'),(371,52,'li***  ',1,'香蕉香草溶豆',4,'2017-3-16	21:52:24'),(372,52,'li***  ',1,'草莓溶豆',4,'2017-3-16	21:52:24'),(373,52,'li***  ',1,'混合梅溶豆',4,'2017-3-16	21:52:24'),(374,73,'zh***  ',2,'混合梅溶豆',4,'2017-3-17	20:11:31'),(375,73,'zh***  ',1,'混合蔬果溶豆Very',4,'2017-3-18	2:03:38'),(376,73,'zh***  ',1,'香蕉香草溶豆',4,'2017-3-18	2:03:38'),(377,73,'zh***  ',1,'混合梅溶豆',4,'2017-3-18	2:03:38'),(378,4,'任淑***  ',5,'混合蔬果溶豆Very',4,'2017-3-9	2:40:30'),(379,4,'任淑***  ',5,'香蕉香草溶豆',4,'2017-3-9	2:40:30'),(380,4,'任淑***  ',5,'草莓溶豆',4,'2017-3-9	2:40:30'),(381,4,'任淑***  ',5,'混合梅溶豆',4,'2017-3-9	2:40:30'),(382,4,'任淑***  ',5,'蜜桃溶豆',4,'2017-3-9	2:40:30'),(383,47,'18***  ',30,'混合蔬果溶豆Very',4,'2017-3-8	20:55:37'),(384,47,'18***  ',30,'香蕉香草溶豆',4,'2017-3-8	20:55:37'),(385,47,'18***  ',30,'草莓溶豆',4,'2017-3-8	20:55:37'),(386,47,'18***  ',30,'混合梅溶豆',4,'2017-3-8	20:55:37'),(387,47,'18***  ',30,'蜜桃溶豆',4,'2017-3-8	20:55:37'),(388,73,'zh***  ',1,'草莓溶豆',4,'2017-3-9	16:45:54'),(389,63,'ca***  ',1,'混合蔬果溶豆Very',4,'2017-3-6	11:36:22'),(390,63,'ca***  ',2,'香蕉香草溶豆',4,'2017-3-6	11:36:22'),(391,63,'ca***  ',2,'草莓溶豆',4,'2017-3-6	11:36:22'),(392,63,'ca***  ',1,'混合梅溶豆',4,'2017-3-6	11:36:22'),(393,63,'ca***  ',1,'蜜桃溶豆',4,'2017-3-6	11:36:22'),(394,21,'高级***  ',4,'混合蔬果溶豆Very',4,'2017-3-2	4:35:25'),(395,21,'高级***  ',4,'香蕉香草溶豆',4,'2017-3-2	4:35:25'),(396,21,'高级***  ',4,'草莓溶豆',4,'2017-3-2	4:35:25'),(397,21,'高级***  ',4,'混合梅溶豆',4,'2017-3-2	4:35:25'),(398,21,'高级***  ',4,'蜜桃溶豆',4,'2017-3-2	4:35:25'),(399,52,'li***  ',1,'草莓溶豆',4,'2017-3-2	21:33:59'),(400,34,'ry***  ',1,'混合蔬果溶豆Very',4,'2017-3-4	1:08:21'),(401,80,' me*** ',3,'Culturelle 儿童益生菌冲剂30袋',5,'2017-4-21	6:38:48'),(402,52,' li*** ',1,'Culturelle 儿童益生菌冲剂30袋',5,'2017-4-22	0:05:13'),(403,52,' li*** ',1,'Culturelle 儿童益生菌冲剂30袋',5,'2017-4-23	23:01:00'),(404,60,' le*** ',1,'Culturelle 儿童益生菌冲剂30袋',5,'2017-4-19	21:04:49'),(405,33,' ch*** ',2,'Culturelle 儿童益生菌冲剂30袋',5,'2017-4-21	1:06:04'),(406,3,' 哟哟*** ',5,'Culturelle 儿童益生菌冲剂30袋',5,'2017-4-18	22:17:04'),(407,33,' ch*** ',7,'Culturelle 儿童益生菌冲剂30袋',5,'2017-4-17	14:16:54'),(408,40,' 62*** ',6,'Culturelle 儿童益生菌冲剂30袋',5,'2017-4-14	2:21:22'),(409,33,' ch*** ',1,'Culturelle 儿童益生菌冲剂30袋',5,'2017-4-6	21:58:42'),(410,31,' 99*** ',2,'Culturelle 儿童益生菌冲剂30袋',5,'2017-4-6	6:22:31'),(411,59,' 贝乐 ',10,'Culturelle 儿童益生菌冲剂30袋',5,'2017-4-4	14:27:36'),(412,60,' le*** ',2,'Culturelle 儿童益生菌冲剂30袋',5,'2017-3-31	6:29:36'),(413,21,' 高级*** ',2,'Culturelle 儿童益生菌冲剂30袋',5,'2017-4-1	10:36:58'),(414,58,' yy*** ',5,'Culturelle 儿童益生菌冲剂30袋',5,'2017-3-25	11:40:45'),(415,69,' 姝s*** ',3,'Culturelle 儿童益生菌冲剂30袋',5,'2017-3-24	11:39:43'),(416,74,' tr*** ',3,'Culturelle 儿童益生菌冲剂30袋',5,'2017-3-24	21:33:20'),(417,47,' 18*** ',1,'Culturelle 儿童益生菌冲剂30袋',5,'2017-3-23	15:50:23'),(418,72,' 大米 ',3,'Culturelle 儿童益生菌冲剂30袋',5,'2017-3-19	22:11:20'),(419,80,' me*** ',3,'Culturelle 儿童益生菌冲剂30袋',5,'2017-3-17	6:58:11'),(420,33,' ch*** ',1,'Culturelle 儿童益生菌冲剂30袋',5,'2017-3-22	4:55:15'),(421,80,'me***  ',3,'Culturelle 儿童益生菌冲剂30袋',5,'2017-4-21	6:38:48'),(422,52,'li***  ',1,'Culturelle 儿童益生菌冲剂30袋',5,'2017-4-22	0:05:13'),(423,52,'li***  ',1,'Culturelle 儿童益生菌冲剂30袋',5,'2017-4-23	23:01:00'),(424,60,'le***  ',1,'Culturelle 儿童益生菌冲剂30袋',5,'2017-4-19	21:04:49'),(425,33,'ch***  ',2,'Culturelle 儿童益生菌冲剂30袋',5,'2017-4-21	1:06:04'),(426,3,'哟哟***  ',5,'Culturelle 儿童益生菌冲剂30袋',5,'2017-4-18	22:17:04'),(427,33,'ch***  ',7,'Culturelle 儿童益生菌冲剂30袋',5,'2017-4-17	14:16:54'),(428,40,'62***  ',6,'Culturelle 儿童益生菌冲剂30袋',5,'2017-4-14	2:21:22'),(429,33,'ch***  ',1,'Culturelle 儿童益生菌冲剂30袋',5,'2017-4-6	21:58:42'),(430,31,'99***  ',2,'Culturelle 儿童益生菌冲剂30袋',5,'2017-4-6	6:22:31'),(431,59,'贝乐  ',10,'Culturelle 儿童益生菌冲剂30袋',5,'2017-4-4	14:27:36'),(432,60,'le***  ',2,'Culturelle 儿童益生菌冲剂30袋',5,'2017-3-31	6:29:36'),(433,21,'高级***  ',2,'Culturelle 儿童益生菌冲剂30袋',5,'2017-4-1	10:36:58'),(434,58,'yy***  ',5,'Culturelle 儿童益生菌冲剂30袋',5,'2017-3-25	11:40:45'),(435,69,'姝s***  ',3,'Culturelle 儿童益生菌冲剂30袋',5,'2017-3-24	11:39:43'),(436,74,'tr***  ',3,'Culturelle 儿童益生菌冲剂30袋',5,'2017-3-24	21:33:20'),(437,47,'18***  ',1,'Culturelle 儿童益生菌冲剂30袋',5,'2017-3-23	15:50:23'),(438,72,'大米  ',3,'Culturelle 儿童益生菌冲剂30袋',5,'2017-3-19	22:11:20'),(439,80,'me***  ',3,'Culturelle 儿童益生菌冲剂30袋',5,'2017-3-17	6:58:11'),(440,33,'ch***  ',1,'Culturelle 儿童益生菌冲剂30袋',5,'2017-3-22	4:55:15'),(441,52,'li***  ',6,'Culturelle 儿童益生菌冲剂30袋',5,'2017-3-21	8:18:28'),(442,73,'zh***  ',2,'Culturelle 儿童益生菌冲剂30袋',5,'2017-3-19	0:49:33'),(443,31,'99***  ',1,'Culturelle 儿童益生菌冲剂30袋',5,'2017-3-21	5:01:08'),(444,52,'li***  ',1,'Culturelle 儿童益生菌冲剂30袋',5,'2017-3-18	0:00:31'),(445,21,'高级***  ',1,'Culturelle 儿童益生菌冲剂30袋',5,'2017-3-17	15:50:00'),(446,73,'zh***  ',1,'Culturelle 儿童益生菌冲剂30袋',5,'2017-3-17	20:11:31'),(447,12,'gr***  ',5,'Culturelle 儿童益生菌冲剂30袋',5,'2017-3-15	6:25:59'),(448,33,'ch***  ',1,'Culturelle 儿童益生菌冲剂30袋',5,'2017-3-15	21:28:43'),(449,52,'li***  ',1,'Culturelle 儿童益生菌冲剂30袋',5,'2017-3-14	22:16:01'),(450,73,'zh***  ',2,'Culturelle 儿童益生菌冲剂30袋',5,'2017-3-14	15:27:11'),(451,33,'ch***  ',1,'Culturelle 儿童益生菌冲剂30袋',5,'2017-3-14	12:30:50'),(452,61,'qq***  ',1,'Culturelle 儿童益生菌冲剂30袋',5,'2017-3-11	12:24:29'),(453,33,'ch***  ',1,'Culturelle 儿童益生菌冲剂30袋',5,'2017-3-10	6:23:25'),(454,63,'ca***  ',1,'Culturelle 儿童益生菌冲剂30袋',5,'2017-3-6	11:36:22'),(455,52,'li***  ',1,'Culturelle 儿童益生菌冲剂30袋',5,'2017-3-1	22:43:29'),(456,73,'zh***  ',2,'Culturelle 儿童益生菌冲剂30袋',5,'2017-3-1	22:20:31'),(457,73,'zh***  ',1,'Culturelle 儿童益生菌冲剂30袋',5,'2017-3-1	17:55:49'),(458,73,'zh***  ',1,'Culturelle 儿童益生菌冲剂30袋',5,'2017-2-28	14:29:48'),(459,73,'zh***  ',1,'Culturelle 儿童益生菌冲剂30袋',5,'2017-3-1	2:45:14'),(460,73,'zh***  ',1,'Culturelle 儿童益生菌冲剂30袋',5,'2017-3-1	17:11:08'),(461,73,'zh***  ',1,'Culturelle 儿童益生菌冲剂30袋',5,'2017-2-27	23:17:22'),(462,62,'ro***  ',1,'Culturelle 儿童益生菌冲剂30袋',5,'2017-2-21	23:37:04'),(463,33,'ch***  ',1,'Culturelle 儿童益生菌冲剂30袋',5,'2017-2-28	1:34:56'),(464,61,'qq***  ',1,'Culturelle 儿童益生菌冲剂30袋',5,'2017-2-23	10:38:34'),(465,47,'18***  ',2,'Culturelle 儿童益生菌冲剂30袋',5,'2017-2-22	18:17:44'),(466,73,'zh***  ',1,'Culturelle 儿童益生菌冲剂30袋',5,'2017-2-22	19:52:21'),(467,33,'ch***  ',1,'Culturelle 儿童益生菌冲剂30袋',5,'2017-2-15	22:33:48'),(468,73,'zh***  ',2,'Culturelle 儿童益生菌冲剂30袋',5,'2017-2-20	17:08:00'),(469,75,'糖麻***  ',2,'Culturelle 儿童益生菌冲剂30袋',5,'2017-2-16	16:26:58'),(470,26,'小阿***  ',3,'Culturelle 儿童益生菌冲剂30袋',5,'2017-2-20	13:32:33'),(471,33,'ch***  ',1,'Culturelle 儿童益生菌冲剂30袋',5,'2017-2-18	2:09:43'),(472,33,'ch***  ',1,'Culturelle 儿童益生菌冲剂30袋',5,'2017-2-17	23:45:07'),(473,72,'大米  ',3,'Culturelle 儿童益生菌冲剂30袋',5,'2017-2-16	10:00:46'),(474,47,'18***  ',10,'Culturelle 儿童益生菌冲剂30袋',5,'2017-2-14	0:14:33'),(475,73,'zh***  ',2,'Culturelle 儿童益生菌冲剂30袋',5,'2017-2-11	16:06:59'),(476,31,'99***  ',5,'Culturelle 儿童益生菌冲剂30袋',5,'2017-2-14	6:03:28'),(477,33,'ch***  ',1,'Culturelle 儿童益生菌冲剂30袋',5,'2017-2-10	0:54:23'),(478,26,'小阿***  ',5,'Culturelle 儿童益生菌冲剂30袋',5,'2017-2-4	14:56:17'),(479,3,'哟哟***  ',3,'Culturelle 儿童益生菌冲剂30袋',5,'2017-2-5	13:53:06'),(480,3,'哟哟***  ',3,'Culturelle 儿童益生菌冲剂30袋',5,'2017-2-5	13:53:06'),(481,26,'小阿***  ',5,'Culturelle 儿童益生菌冲剂30袋',5,'2017-2-4	14:56:17'),(482,40,'62***  ',2,'Culturelle 儿童益生菌冲剂30袋',5,'2017-2-8	4:22:46'),(483,51,'ti***  ',6,'Culturelle 儿童益生菌冲剂30袋',5,'2017-2-6	18:05:33'),(484,31,'99***  ',1,'Culturelle 儿童益生菌冲剂30袋',5,'2017-2-4	17:31:40'),(485,33,'ch***  ',2,'Culturelle 儿童益生菌冲剂30袋',5,'2017-2-7	2:15:56'),(486,31,'99***  ',3,'Culturelle 儿童益生菌冲剂30袋',5,'2017-1-31	16:44:07'),(487,76,'彤彤***  ',8,'Culturelle 儿童益生菌冲剂30袋',5,'2017-2-2	0:01:43'),(488,73,'zh***  ',2,'Culturelle 儿童益生菌冲剂30袋',5,'2017-2-2	22:32:34'),(489,12,'gr***  ',15,'Culturelle 儿童益生菌冲剂30袋',5,'2017-1-12	21:54:28'),(490,47,'18***  ',5,'Culturelle 儿童益生菌冲剂30袋',5,'2017-1-16	9:10:43'),(491,12,'gr***  ',15,'Culturelle 儿童益生菌冲剂30袋',5,'2017-1-12	21:54:28'),(492,75,'糖麻***  ',4,'Culturelle 儿童益生菌冲剂30袋',5,'2017-1-11	23:10:19'),(493,3,'哟哟***  ',3,'Culturelle 儿童益生菌冲剂30袋',5,'2017-1-12	21:27:49'),(494,73,'zh***  ',2,'Culturelle 儿童益生菌冲剂30袋',5,'2017-1-7	21:08:32'),(495,73,'zh***  ',2,'Culturelle 儿童益生菌冲剂30袋',5,'2017-1-7	21:08:32'),(496,33,'ch***  ',1,'Culturelle 儿童益生菌冲剂30袋',5,'2017-1-11	2:31:22'),(497,33,'ch***  ',1,'Culturelle 儿童益生菌冲剂30袋',5,'2017-1-10	3:59:40'),(498,6,'zy  ',9,'Culturelle 儿童益生菌冲剂30袋',5,'2017-1-8	11:52:28'),(499,50,'莫小***  ',3,'Culturelle 儿童益生菌冲剂30袋',5,'2017-1-6	13:16:01'),(500,73,'zh***  ',3,'Culturelle 儿童益生菌冲剂30袋',5,'2017-1-7	2:22:19'),(501,43,'hs***  ',8,'Culturelle 儿童益生菌冲剂30袋',5,'2016-12-28	13:33:04'),(502,3,'哟哟***  ',8,'Culturelle 儿童益生菌冲剂30袋',5,'2016-12-30	21:28:01'),(503,33,'ch***  ',5,'Culturelle 儿童益生菌冲剂30袋',5,'2016-12-31	2:33:15'),(504,76,'彤彤***  ',3,'Culturelle 儿童益生菌冲剂30袋',5,'2016-12-28	23:13:32'),(505,22,'sl***  ',10,'Culturelle 儿童益生菌冲剂30袋',5,'2016-12-27	23:04:55'),(506,31,'99***  ',1,'Culturelle 儿童益生菌冲剂30袋',5,'2016-12-27	0:53:38'),(507,61,'qq***  ',2,'Culturelle 儿童益生菌冲剂30袋',5,'2016-12-17	20:49:44'),(508,61,'qq***  ',2,'Culturelle 儿童益生菌冲剂30袋',5,'2016-12-17	20:49:44'),(509,3,'哟哟***  ',1,'Culturelle 儿童益生菌冲剂30袋',5,'2016-12-21	17:48:08'),(510,73,'zh***  ',2,'Culturelle 儿童益生菌冲剂30袋',5,'2016-12-22	13:59:59'),(511,52,'li***  ',1,'Culturelle 儿童益生菌冲剂30袋',5,'2016-12-22	20:55:56'),(512,33,'ch***  ',1,'Culturelle 儿童益生菌冲剂30袋',5,'2016-12-21	2:43:51'),(513,61,'qq***  ',2,'Culturelle 儿童益生菌冲剂30袋',5,'2016-12-17	20:49:44'),(514,80,'me***  ',5,'Culturelle 儿童益生菌冲剂30袋',5,'2016-12-18	8:00:56'),(515,73,'zh***  ',1,'Culturelle 儿童益生菌冲剂30袋',5,'2016-12-15	14:16:10'),(516,73,'zh***  ',2,'Culturelle 儿童益生菌冲剂30袋',5,'2016-12-15	0:35:32'),(517,33,'ch***  ',2,'Culturelle 儿童益生菌冲剂30袋',5,'2016-12-15	2:33:32'),(518,3,'哟哟***  ',3,'Culturelle 儿童益生菌冲剂30袋',5,'2016-12-14	0:55:45'),(519,34,'ry***  ',1,'Culturelle 儿童益生菌冲剂30袋',5,'2016-12-13	18:32:01'),(520,4,'任淑***  ',3,'Culturelle 儿童益生菌冲剂30袋',5,'2016-11-29	2:25:42'),(521,12,'gr***  ',10,'Culturelle 儿童益生菌冲剂30袋',5,'2016-12-7	6:59:34'),(522,60,'le***  ',6,'Culturelle 儿童益生菌冲剂30袋',5,'2016-11-22	10:02:46'),(523,71,'预定***  ',36,'Culturelle 儿童益生菌冲剂30袋',5,'2016-12-5	12:56:33'),(524,73,'zh***  ',2,'Culturelle 儿童益生菌冲剂30袋',5,'2016-12-5	0:02:15'),(525,73,'zh***  ',2,'Culturelle 儿童益生菌冲剂30袋',5,'2016-12-5	23:02:00'),(526,73,'zh***  ',2,'Culturelle 儿童益生菌冲剂30袋',5,'2016-12-1	14:40:03'),(527,34,'ry***  ',1,'Culturelle 儿童益生菌冲剂30袋',5,'2016-12-1	16:55:20'),(528,76,'彤彤***  ',5,'Culturelle 儿童益生菌冲剂30袋',5,'2016-11-25	10:30:35'),(529,31,'99***  ',2,'Culturelle 儿童益生菌冲剂30袋',5,'2016-12-1	6:40:48'),(530,4,'任淑***  ',3,'Culturelle 儿童益生菌冲剂30袋',5,'2016-11-29	2:25:42'),(531,3,'哟哟***  ',1,'Culturelle 儿童益生菌冲剂30袋',5,'2016-11-29	10:32:26'),(532,34,'ry***  ',1,'Culturelle 儿童益生菌冲剂30袋',5,'2016-11-28	9:09:20'),(533,73,'zh***  ',1,'Culturelle 儿童益生菌冲剂30袋',5,'2016-11-28	23:56:27'),(534,63,'ca***  ',5,'Culturelle 儿童益生菌冲剂30袋',5,'2016-11-23	11:35:05'),(535,73,'zh***  ',2,'Culturelle 儿童益生菌冲剂30袋',5,'2016-11-27	14:07:39'),(536,47,'18***  ',5,'Culturelle 儿童益生菌冲剂30袋',5,'2016-11-27	7:46:03'),(537,20,'零售***  ',2,'Culturelle 儿童益生菌冲剂30袋',5,'2016-11-29	7:44:29'),(538,76,'彤彤***  ',5,'Culturelle 儿童益生菌冲剂30袋',5,'2016-11-25	10:30:35'),(539,63,'ca***  ',5,'Culturelle 儿童益生菌冲剂30袋',5,'2016-11-25	11:18:27'),(540,33,'ch***  ',1,'Culturelle 儿童益生菌冲剂30袋',5,'2016-11-24	2:30:32'),(541,2,'朱崽***  ',5,'Culturelle 儿童益生菌冲剂30袋',5,'2016-11-14	17:06:47'),(542,51,'ti***  ',10,'Culturelle 儿童益生菌冲剂30袋',5,'2016-11-20	18:51:07'),(543,16,'中级***  ',3,'Culturelle 儿童益生菌冲剂30袋',5,'2016-11-16	7:57:07'),(544,33,'ch***  ',1,'Culturelle 儿童益生菌冲剂30袋',5,'2016-11-19	2:29:09'),(545,2,'朱崽***  ',5,'Culturelle 儿童益生菌冲剂30袋',5,'2016-11-14	17:06:47'),(546,73,'zh***  ',1,'Culturelle 儿童益生菌冲剂30袋',5,'2016-11-17	0:58:10'),(547,4,'任淑***  ',6,'Culturelle 儿童益生菌冲剂30袋',5,'2016-11-15	2:53:56'),(548,34,'ry***  ',1,'Culturelle 儿童益生菌冲剂30袋',5,'2016-11-12	23:39:55'),(549,21,'高级***  ',3,'Culturelle 儿童益生菌冲剂30袋',5,'2016-11-12	8:36:48'),(550,52,'li***  ',1,'Culturelle 儿童益生菌冲剂30袋',5,'2016-11-9	23:31:04'),(551,20,'零售***  ',1,'Culturelle 儿童益生菌冲剂30袋',5,'2016-11-12	7:54:53'),(552,3,'哟哟***  ',1,'Culturelle 儿童益生菌冲剂30袋',5,'2016-11-11	17:33:30'),(553,30,'初级***  ',8,'Culturelle 儿童益生菌冲剂30袋',5,'2016-11-8	6:43:06'),(554,63,'ca***  ',2,'Culturelle 儿童益生菌冲剂30袋',5,'2016-10-31	19:53:47'),(555,6,'zy  ',3,'Culturelle 儿童益生菌冲剂30袋',5,'2016-10-31	11:46:04'),(556,73,'zh***  ',2,'Culturelle 儿童益生菌冲剂30袋',5,'2016-11-1	0:10:57'),(557,73,'zh***  ',2,'Culturelle 儿童益生菌冲剂30袋',5,'2016-10-28	18:05:11'),(558,4,'任淑***  ',3,'Culturelle 儿童益生菌冲剂30袋',5,'2016-10-28	15:48:29'),(559,43,'hs***  ',5,'Culturelle 儿童益生菌冲剂30袋',5,'2016-10-10	20:54:26'),(560,21,'高级***  ',36,'Culturelle 儿童益生菌冲剂30袋',5,'2016-10-26	6:35:09'),(561,10,'sa***  ',4,'Culturelle 儿童益生菌冲剂30袋',5,'2016-10-25	0:03:14'),(562,3,'哟哟***  ',1,'Culturelle 儿童益生菌冲剂30袋',5,'2016-10-23	11:15:26'),(563,22,'sl***  ',20,'Culturelle 儿童益生菌冲剂30袋',5,'2016-10-22	4:36:34'),(564,21,'高级***  ',48,'Culturelle 儿童益生菌冲剂30袋',5,'2016-10-22	5:09:02'),(565,51,'ti***  ',20,'Culturelle 儿童益生菌冲剂30袋',5,'2016-10-17	10:28:13'),(566,63,'ca***  ',3,'Culturelle 儿童益生菌冲剂30袋',5,'2016-10-20	15:32:33'),(567,16,'中级***  ',3,'Culturelle 儿童益生菌冲剂30袋',5,'2016-10-22	2:04:23'),(568,21,'高级***  ',15,'Culturelle 儿童益生菌冲剂30袋',5,'2016-10-13	6:14:19'),(569,47,'18***  ',5,'Culturelle 儿童益生菌冲剂30袋',5,'2016-10-17	12:13:36'),(570,73,'zh***  ',1,'Culturelle 儿童益生菌冲剂30袋',5,'2016-10-16	15:27:13'),(571,57,'幺妖  ',3,'Culturelle 儿童益生菌冲剂30袋',5,'2016-10-14	15:30:02'),(572,52,'li***  ',2,'Culturelle 儿童益生菌冲剂30袋',5,'2016-10-14	19:51:02'),(573,21,'高级***  ',6,'Culturelle 儿童益生菌冲剂30袋',5,'2016-10-15	4:30:54'),(574,52,'li***  ',2,'Culturelle 儿童益生菌冲剂30袋',5,'2016-10-14	19:51:02'),(575,34,'ry***  ',1,'Culturelle 儿童益生菌冲剂30袋',5,'2016-10-15	0:40:45'),(576,30,'初级***  ',10,'Culturelle 儿童益生菌冲剂30袋',5,'2016-10-14	7:00:05'),(577,22,'sl***  ',12,'Culturelle 儿童益生菌冲剂30袋',5,'2016-10-13	3:20:46'),(578,63,'ca***  ',2,'Culturelle 儿童益生菌冲剂30袋',5,'2016-10-9	21:04:08'),(579,34,'ry***  ',1,'Culturelle 儿童益生菌冲剂30袋',5,'2016-10-10	20:37:47'),(580,34,'ry***  ',1,'Culturelle 儿童益生菌冲剂30袋',5,'2016-10-10	20:54:14'),(581,43,'hs***  ',5,'Culturelle 儿童益生菌冲剂30袋',5,'2016-10-10	20:54:26'),(582,18,'vi***  ',1,'Culturelle 儿童益生菌冲剂30袋',5,'2016-10-7	4:02:52'),(583,6,'zy  ',6,'Culturelle 儿童益生菌冲剂30袋',5,'2016-10-7	10:44:10'),(584,16,'中级***  ',3,'Culturelle 儿童益生菌冲剂30袋',5,'2016-10-7	6:59:56'),(585,53,'甜心***  ',24,'Culturelle 儿童益生菌冲剂30袋',5,'2016-10-6	4:40:31'),(586,10,'sa***  ',6,'Culturelle 儿童益生菌冲剂30袋',5,'2016-10-5	9:42:25'),(587,73,'zh***  ',3,'Culturelle 儿童益生菌冲剂30袋',5,'2016-10-3	16:00:42'),(588,3,'哟哟***  ',1,'Culturelle 儿童益生菌冲剂30袋',5,'2016-10-2	19:53:34'),(589,16,'中级***  ',2,'Culturelle 儿童益生菌冲剂30袋',5,'2016-9-28	8:44:01'),(590,22,'sl***  ',6,'Culturelle 儿童益生菌冲剂30袋',5,'2016-9-27	23:18:12'),(591,73,'zh***  ',1,'Culturelle 儿童益生菌冲剂30袋',5,'2016-9-26	1:06:54'),(592,76,'彤彤***  ',5,'Culturelle 儿童益生菌冲剂30袋',5,'2016-9-24	10:00:34'),(593,21,'高级***  ',12,'Culturelle 儿童益生菌冲剂30袋',5,'2016-9-26	6:42:50'),(594,63,'ca***  ',1,'Culturelle 儿童益生菌冲剂30袋',5,'2016-9-23	20:42:49'),(595,73,'zh***  ',2,'Culturelle 儿童益生菌冲剂30袋',5,'2016-9-23	8:34:45'),(596,64,'bo***  ',4,'Culturelle 儿童益生菌冲剂30袋',5,'2016-9-24	1:38:32'),(597,3,'哟哟***  ',6,'Culturelle 儿童益生菌冲剂30袋',5,'2016-9-20	12:19:47'),(598,73,'zh***  ',1,'Culturelle 儿童益生菌冲剂30袋',5,'2016-9-21	12:28:21'),(599,21,'高级***  ',10,'Culturelle 儿童益生菌冲剂30袋',5,'2016-9-20	6:14:18'),(600,73,'zh***  ',1,'Culturelle 儿童益生菌冲剂30袋',5,'2016-9-19	16:35:58'),(601,52,' li*** ',2,'香草枫糖',6,'2017-4-24	21:23:11'),(602,52,' li*** ',2,'蔬果手指饼',6,'2017-4-24	21:23:11'),(603,52,' li*** ',2,'农场泡芙条',6,'2017-4-24	21:23:11'),(604,52,' li*** ',2,'苹果甜土豆手指饼',6,'2017-4-24	21:23:11'),(605,52,' li*** ',2,'番茄手指饼',6,'2017-4-24	21:23:11'),(606,73,' zh*** ',4,'苹果甜土豆手指饼',6,'2017-4-24	18:53:01'),(607,73,' zh*** ',3,'番茄手指饼',6,'2017-4-24	18:53:01'),(608,73,' zh*** ',3,'芝士条手指饼',6,'2017-4-24	18:53:01'),(609,26,' 小阿*** ',3,'蔬果手指饼',6,'2017-4-17	9:53:15'),(610,26,' 小阿*** ',3,'番茄手指饼',6,'2017-4-17	9:53:15'),(611,26,' 小阿*** ',3,'芝士条手指饼',6,'2017-4-17	9:53:15'),(612,52,' li*** ',2,'番茄手指饼',6,'2017-4-11	22:39:28'),(613,52,' li*** ',2,'芝士条手指饼',6,'2017-4-11	22:39:28'),(614,79,' 赖赖 ',5,'芝士条手指饼',6,'2017-4-7	10:22:37'),(615,43,' hs*** ',12,'蔬果手指饼',6,'2017-4-9	23:04:23'),(616,43,' hs*** ',12,'番茄手指饼',6,'2017-4-9	23:04:23'),(617,43,' hs*** ',12,'芝士条手指饼',6,'2017-4-9	23:04:23'),(618,73,' zh*** ',1,'苹果甜土豆手指饼',6,'2017-4-12	0:36:28'),(619,73,' zh*** ',1,'芝士条手指饼',6,'2017-4-12	0:36:28'),(620,2,' 朱崽*** ',20,'蔬果手指饼',6,'2017-4-10	10:55:56'),(621,52,'li***  ',2,'香草枫糖',6,'2017-4-24	21:23:11'),(622,52,'li***  ',2,'蔬果手指饼',6,'2017-4-24	21:23:11'),(623,52,'li***  ',2,'农场泡芙条',6,'2017-4-24	21:23:11'),(624,52,'li***  ',2,'苹果甜土豆手指饼',6,'2017-4-24	21:23:11'),(625,52,'li***  ',2,'番茄手指饼',6,'2017-4-24	21:23:11'),(626,73,'zh***  ',4,'苹果甜土豆手指饼',6,'2017-4-24	18:53:01'),(627,73,'zh***  ',3,'番茄手指饼',6,'2017-4-24	18:53:01'),(628,73,'zh***  ',3,'芝士条手指饼',6,'2017-4-24	18:53:01'),(629,26,'小阿***  ',3,'蔬果手指饼',6,'2017-4-17	9:53:15'),(630,26,'小阿***  ',3,'番茄手指饼',6,'2017-4-17	9:53:15'),(631,26,'小阿***  ',3,'芝士条手指饼',6,'2017-4-17	9:53:15'),(632,52,'li***  ',2,'番茄手指饼',6,'2017-4-11	22:39:28'),(633,52,'li***  ',2,'芝士条手指饼',6,'2017-4-11	22:39:28'),(634,79,'赖赖  ',5,'芝士条手指饼',6,'2017-4-7	10:22:37'),(635,43,'hs***  ',12,'蔬果手指饼',6,'2017-4-9	23:04:23'),(636,43,'hs***  ',12,'番茄手指饼',6,'2017-4-9	23:04:23'),(637,43,'hs***  ',12,'芝士条手指饼',6,'2017-4-9	23:04:23'),(638,73,'zh***  ',1,'苹果甜土豆手指饼',6,'2017-4-12	0:36:28'),(639,73,'zh***  ',1,'芝士条手指饼',6,'2017-4-12	0:36:28'),(640,2,'朱崽***  ',20,'蔬果手指饼',6,'2017-4-10	10:55:56'),(641,2,'朱崽***  ',20,'苹果甜土豆手指饼',6,'2017-4-10	10:55:56'),(642,2,'朱崽***  ',20,'芝士条手指饼',6,'2017-4-10	10:55:56'),(643,43,'hs***  ',12,'蔬果手指饼',6,'2017-4-9	23:04:23'),(644,43,'hs***  ',12,'番茄手指饼',6,'2017-4-9	23:04:23'),(645,43,'hs***  ',12,'芝士条手指饼',6,'2017-4-9	23:04:23'),(646,79,'赖赖  ',5,'芝士条手指饼',6,'2017-4-7	10:22:37'),(647,59,'贝乐  ',10,'芝士条手指饼',6,'2017-4-3	19:24:04'),(648,53,'甜心***  ',6,'蔬果手指饼',6,'2017-3-30	13:41:04'),(649,53,'甜心***  ',6,'番茄手指饼',6,'2017-3-30	13:41:04'),(650,53,'甜心***  ',12,'芝士条手指饼',6,'2017-3-30	13:41:04'),(651,58,'yy***  ',3,'《特价》奶酪蔬菜三件套',6,'2017-3-25	11:40:45'),(652,58,'yy***  ',3,'番茄手指饼',6,'2017-3-25	11:40:45'),(653,58,'yy***  ',3,'芝士条手指饼',6,'2017-3-25	11:40:45'),(654,47,'18***  ',1,'芝士条手指饼',6,'2017-3-28	16:54:16'),(655,23,'ta***  ',3,'苹果甜土豆手指饼',6,'2017-3-27	22:17:10'),(656,23,'ta***  ',3,'芝士条手指饼',6,'2017-3-27	22:17:10'),(657,73,'zh***  ',4,'苹果甜土豆手指饼',6,'2017-3-24	2:05:46'),(658,73,'zh***  ',1,'《特价》奶酪蔬菜三件套',6,'2017-3-24	2:05:46'),(659,73,'zh***  ',2,'番茄手指饼',6,'2017-3-24	2:05:46'),(660,73,'zh***  ',2,'芝士条手指饼',6,'2017-3-24	2:05:46'),(661,69,'姝s***  ',5,'《特价》奶酪蔬菜三件套',6,'2017-3-24	11:39:43'),(662,69,'姝s***  ',6,'番茄手指饼',6,'2017-3-24	11:39:43'),(663,69,'姝s***  ',10,'芝士条手指饼',6,'2017-3-24	11:39:43'),(664,43,'hs***  ',6,'蔬果手指饼',6,'2017-3-25	22:35:37'),(665,43,'hs***  ',6,'苹果甜土豆手指饼',6,'2017-3-25	22:35:37'),(666,43,'hs***  ',6,'番茄手指饼',6,'2017-3-25	22:35:37'),(667,43,'hs***  ',6,'芝士条手指饼',6,'2017-3-25	22:35:37'),(668,74,'tr***  ',1,'芝士条手指饼',6,'2017-3-24	21:33:20'),(669,63,'ca***  ',1,'《特价》奶酪蔬菜三件套',6,'2017-3-21	16:59:15'),(670,52,'li***  ',1,'芝士条手指饼',6,'2017-3-16	21:24:30'),(671,52,'li***  ',2,'枫糖肉桂',6,'2017-3-17	23:50:09'),(672,52,'li***  ',2,'番茄手指饼',6,'2017-3-17	23:50:09'),(673,52,'li***  ',2,'芝士条手指饼',6,'2017-3-17	23:50:09'),(674,52,'li***  ',1,'番茄手指饼',6,'2017-3-16	21:52:24'),(675,63,'ca***  ',2,'苹果甜土豆手指饼',6,'2017-2-28	17:14:02'),(676,63,'ca***  ',2,'番茄手指饼',6,'2017-2-28	17:14:02'),(677,4,'任淑***  ',3,'蔬果手指饼',6,'2017-3-9	2:40:30'),(678,4,'任淑***  ',3,'苹果甜土豆手指饼',6,'2017-3-9	2:40:30'),(679,4,'任淑***  ',1,'《特价》奶酪蔬菜三件套',6,'2017-3-9	2:40:30'),(680,4,'任淑***  ',2,'芝士条手指饼',6,'2017-3-9	2:40:30'),(681,63,'ca***  ',2,'《特价》奶酪蔬菜三件套',6,'2017-3-6	11:36:22'),(682,21,'高级***  ',5,'芝士条手指饼',6,'2017-3-2	4:35:25'),(683,52,'li***  ',1,'芝士条手指饼',6,'2017-3-2	21:33:59'),(684,77,'任洪***  ',3,'农场泡芙条',6,'2017-2-26	21:38:46'),(685,77,'任洪***  ',3,'苹果甜土豆手指饼',6,'2017-2-26	21:38:46'),(686,77,'任洪***  ',3,'番茄手指饼',6,'2017-2-26	21:38:46'),(687,77,'任洪***  ',3,'芝士条手指饼',6,'2017-2-26	21:38:46'),(688,47,'18***  ',2,'蔬果手指饼',6,'2017-2-22	18:17:44'),(689,47,'18***  ',2,'番茄手指饼',6,'2017-2-22	18:17:44'),(690,47,'18***  ',2,'芝士条手指饼',6,'2017-2-22	18:17:44'),(691,11,'15***  ',2,'枫糖肉桂',6,'2017-2-19	0:06:45'),(692,11,'15***  ',2,'蔬果手指饼',6,'2017-2-19	0:06:45'),(693,11,'15***  ',2,'农场泡芙条',6,'2017-2-19	0:06:45'),(694,11,'15***  ',2,'苹果甜土豆手指饼',6,'2017-2-19	0:06:45'),(695,11,'15***  ',2,'《特价》奶酪蔬菜三件套',6,'2017-2-19	0:06:45'),(696,11,'15***  ',2,'番茄手指饼',6,'2017-2-19	0:06:45'),(697,11,'15***  ',2,'芝士条手指饼',6,'2017-2-19	0:06:45'),(698,73,'zh***  ',1,'枫糖肉桂',6,'2017-2-18	23:41:32'),(699,73,'zh***  ',2,'蔬果手指饼',6,'2017-2-18	23:41:32'),(700,73,'zh***  ',1,'农场泡芙条',6,'2017-2-18	23:41:32'),(701,73,'zh***  ',2,'苹果甜土豆手指饼',6,'2017-2-18	23:41:32'),(702,73,'zh***  ',2,'《特价》奶酪蔬菜三件套',6,'2017-2-18	23:41:32'),(703,73,'zh***  ',1,'番茄手指饼',6,'2017-2-18	23:41:32'),(704,73,'zh***  ',1,'芝士条手指饼',6,'2017-2-18	23:41:32'),(705,58,'yy***  ',2,'《特价》奶酪蔬菜三件套',6,'2017-2-16	0:50:00'),(706,52,'li***  ',2,'番茄手指饼',6,'2017-2-15	22:33:44'),(707,52,'li***  ',2,'芝士条手指饼',6,'2017-2-15	22:33:44'),(708,72,'大米  ',1,'蔬果手指饼',6,'2017-2-16	10:00:46'),(709,72,'大米  ',2,'苹果甜土豆手指饼',6,'2017-2-16	10:00:46'),(710,72,'大米  ',1,'《特价》奶酪蔬菜三件套',6,'2017-2-16	10:00:46'),(711,72,'大米  ',2,'番茄手指饼',6,'2017-2-16	10:00:46'),(712,73,'zh***  ',1,'苹果甜土豆手指饼',6,'2017-2-16	23:21:46'),(713,73,'zh***  ',1,'《特价》奶酪蔬菜三件套',6,'2017-2-16	23:21:46'),(714,73,'zh***  ',1,'番茄手指饼',6,'2017-2-16	23:21:46'),(715,73,'zh***  ',1,'芝士条手指饼',6,'2017-2-16	23:21:46'),(716,52,'li***  ',1,'番茄手指饼',6,'2017-2-16	21:36:56'),(717,73,'zh***  ',1,'苹果甜土豆手指饼',6,'2017-2-9	0:00:47'),(718,73,'zh***  ',2,'芝士条手指饼',6,'2017-2-9	0:00:47'),(719,21,'高级***  ',10,'蔬果手指饼',6,'2017-1-17	12:51:35'),(720,21,'高级***  ',10,'芝士条手指饼',6,'2017-1-17	12:51:35'),(721,52,'li***  ',2,'番茄手指饼',6,'2017-1-17	20:50:00'),(722,52,'li***  ',2,'芝士条手指饼',6,'2017-1-17	20:50:00'),(723,73,'zh***  ',2,'枫糖肉桂',6,'2017-1-8	18:14:55'),(724,73,'zh***  ',2,'蔬果手指饼',6,'2017-1-8	18:14:55'),(725,73,'zh***  ',2,'农场泡芙条',6,'2017-1-8	18:14:55'),(726,73,'zh***  ',2,'苹果甜土豆手指饼',6,'2017-1-8	18:14:55'),(727,73,'zh***  ',2,'番茄手指饼',6,'2017-1-8	18:14:55'),(728,73,'zh***  ',2,'芝士条手指饼',6,'2017-1-8	18:14:55'),(729,34,'ry***  ',1,'苹果甜土豆手指饼',6,'2017-1-9	21:16:52'),(730,4,'任淑***  ',2,'农场泡芙条',6,'2017-1-5	3:14:18'),(731,4,'任淑***  ',3,'苹果甜土豆手指饼',6,'2017-1-5	3:14:18'),(732,73,'zh***  ',1,'苹果甜土豆手指饼',6,'2017-1-5	1:11:13'),(733,73,'zh***  ',1,'《特价》奶酪蔬菜三件套',6,'2017-1-5	1:11:13'),(734,3,'哟哟***  ',3,'《特价》奶酪蔬菜三件套',6,'2017-1-4	21:00:58'),(735,16,'中级***  ',10,'枫糖肉桂',6,'2016-12-25	19:08:55'),(736,16,'中级***  ',10,'蔬果手指饼',6,'2016-12-25	19:08:55'),(737,16,'中级***  ',10,'农场泡芙条',6,'2016-12-25	19:08:55'),(738,16,'中级***  ',10,'苹果甜土豆手指饼',6,'2016-12-25	19:08:55'),(739,16,'中级***  ',10,'番茄手指饼',6,'2016-12-25	19:08:55'),(740,16,'中级***  ',10,'芝士条手指饼',6,'2016-12-25	19:08:55'),(741,61,'qq***  ',1,'枫糖肉桂',6,'2016-12-17	20:49:44'),(742,61,'qq***  ',1,'蔬果手指饼',6,'2016-12-17	20:49:44'),(743,61,'qq***  ',1,'苹果甜土豆手指饼',6,'2016-12-17	20:49:44'),(744,61,'qq***  ',1,'《特价》奶酪蔬菜三件套',6,'2016-12-17	20:49:44'),(745,61,'qq***  ',2,'芝士条手指饼',6,'2016-12-17	20:49:44'),(746,61,'qq***  ',1,'枫糖肉桂',6,'2016-12-17	20:49:44'),(747,61,'qq***  ',1,'蔬果手指饼',6,'2016-12-17	20:49:44'),(748,61,'qq***  ',1,'苹果甜土豆手指饼',6,'2016-12-17	20:49:44'),(749,61,'qq***  ',1,'《特价》奶酪蔬菜三件套',6,'2016-12-17	20:49:44'),(750,61,'qq***  ',2,'芝士条手指饼',6,'2016-12-17	20:49:44'),(751,61,'qq***  ',1,'枫糖肉桂',6,'2016-12-17	20:49:44'),(752,61,'qq***  ',1,'蔬果手指饼',6,'2016-12-17	20:49:44'),(753,61,'qq***  ',1,'苹果甜土豆手指饼',6,'2016-12-17	20:49:44'),(754,61,'qq***  ',1,'《特价》奶酪蔬菜三件套',6,'2016-12-17	20:49:44'),(755,61,'qq***  ',2,'芝士条手指饼',6,'2016-12-17	20:49:44'),(756,34,'ry***  ',1,'苹果甜土豆手指饼',6,'2016-12-13	18:09:49'),(757,52,'li***  ',1,'蔬果手指饼',6,'2016-12-8	20:42:07'),(758,52,'li***  ',1,'农场泡芙条',6,'2016-12-8	20:42:07'),(759,52,'li***  ',1,'苹果甜土豆手指饼',6,'2016-12-8	20:42:07'),(760,52,'li***  ',1,'番茄手指饼',6,'2016-12-8	20:42:07'),(761,52,'li***  ',1,'芝士条手指饼',6,'2016-12-8	20:42:07'),(762,21,'高级***  ',8,'苹果甜土豆手指饼',6,'2016-12-6	6:41:14'),(763,21,'高级***  ',11,'番茄手指饼',6,'2016-12-6	6:41:14'),(764,21,'高级***  ',28,'芝士条手指饼',6,'2016-12-6	6:41:14'),(765,67,'he***  ',1,'蔬果手指饼',6,'2016-12-5	12:00:15'),(766,67,'he***  ',1,'苹果甜土豆手指饼',6,'2016-12-5	12:00:15'),(767,49,'淼妈***  ',12,'蔬果手指饼',6,'2016-11-25	11:06:43'),(768,49,'淼妈***  ',12,'农场泡芙条',6,'2016-11-25	11:06:43'),(769,49,'淼妈***  ',10,'《特价》奶酪蔬菜三件套',6,'2016-11-25	11:06:43'),(770,52,'li***  ',1,'苹果甜土豆手指饼',6,'2016-11-22	23:44:26'),(771,49,'淼妈***  ',12,'蔬果手指饼',6,'2016-11-25	11:06:43'),(772,49,'淼妈***  ',12,'农场泡芙条',6,'2016-11-25	11:06:43'),(773,49,'淼妈***  ',10,'《特价》奶酪蔬菜三件套',6,'2016-11-25	11:06:43'),(774,26,'小阿***  ',3,'枫糖肉桂',6,'2016-11-28	15:19:43'),(775,26,'小阿***  ',3,'农场泡芙条',6,'2016-11-28	15:19:43'),(776,26,'小阿***  ',3,'苹果甜土豆手指饼',6,'2016-11-28	15:19:43'),(777,34,'ry***  ',1,'苹果甜土豆手指饼',6,'2016-11-28	9:09:20'),(778,52,'li***  ',1,'苹果甜土豆手指饼',6,'2016-11-22	23:44:26'),(779,73,'zh***  ',1,'枫糖肉桂',6,'2016-11-26	0:06:05'),(780,73,'zh***  ',1,'蔬果手指饼',6,'2016-11-26	0:06:05'),(781,73,'zh***  ',1,'农场泡芙条',6,'2016-11-26	0:06:05'),(782,73,'zh***  ',1,'苹果甜土豆手指饼',6,'2016-11-26	0:06:05'),(783,73,'zh***  ',1,'《特价》奶酪蔬菜三件套',6,'2016-11-26	0:06:05'),(784,73,'zh***  ',1,'番茄手指饼',6,'2016-11-26	0:06:05'),(785,73,'zh***  ',1,'芝士条手指饼',6,'2016-11-26	0:06:05'),(786,52,'li***  ',2,'苹果甜土豆手指饼',6,'2016-11-17	5:16:30'),(787,4,'任淑***  ',2,'蔬果手指饼',6,'2016-11-15	2:53:56'),(788,4,'任淑***  ',2,'农场泡芙条',6,'2016-11-15	2:53:56'),(789,4,'任淑***  ',1,'《特价》奶酪蔬菜三件套',6,'2016-11-15	2:53:56'),(790,4,'任淑***  ',1,'芝士条手指饼',6,'2016-11-15	2:53:56'),(791,52,'li***  ',2,'苹果甜土豆手指饼',6,'2016-11-11	0:55:12'),(792,26,'小阿***  ',3,'枫糖肉桂',6,'2016-11-7	13:48:05'),(793,26,'小阿***  ',3,'苹果甜土豆手指饼',6,'2016-11-7	13:48:05'),(794,26,'小阿***  ',3,'番茄手指饼',6,'2016-11-7	13:48:05'),(795,50,'莫小***  ',12,'农场泡芙条',6,'2016-11-2	23:32:00'),(796,50,'莫小***  ',12,'番茄手指饼',6,'2016-11-2	23:32:00'),(797,50,'莫小***  ',12,'芝士条手指饼',6,'2016-11-2	23:32:00'),(798,26,'小阿***  ',3,'枫糖肉桂',6,'2016-11-7	13:48:05'),(799,26,'小阿***  ',3,'苹果甜土豆手指饼',6,'2016-11-7	13:48:05'),(800,26,'小阿***  ',3,'番茄手指饼',6,'2016-11-7	13:48:05'),(801,52,'li***  ',1,'蔬果手指饼',6,'2016-11-4	23:42:37'),(802,52,'li***  ',2,'芝士条手指饼',6,'2016-11-4	23:42:37'),(803,50,'莫小***  ',12,'农场泡芙条',6,'2016-11-2	23:32:00'),(804,50,'莫小***  ',12,'番茄手指饼',6,'2016-11-2	23:32:00'),(805,50,'莫小***  ',12,'芝士条手指饼',6,'2016-11-2	23:32:00'),(806,51,'ti***  ',5,'番茄手指饼',6,'2016-11-2	10:17:16'),(807,51,'ti***  ',5,'芝士条手指饼',6,'2016-11-2	10:17:16'),(808,51,'ti***  ',5,'农场泡芙条',6,'2016-11-2	10:17:16'),(809,63,'ca***  ',1,'《特价》奶酪蔬菜三件套',6,'2016-10-31	19:53:47'),(810,69,'姝s***  ',2,'蔬果手指饼',6,'2016-10-28	20:02:26'),(811,69,'姝s***  ',2,'农场泡芙条',6,'2016-10-28	20:02:26'),(812,69,'姝s***  ',2,'苹果甜土豆手指饼',6,'2016-10-28	20:02:26'),(813,72,'大米  ',3,'蔬果手指饼',6,'2016-10-26	21:38:53'),(814,72,'大米  ',3,'农场泡芙条',6,'2016-10-26	21:38:53'),(815,72,'大米  ',3,'苹果甜土豆手指饼',6,'2016-10-26	21:38:53'),(816,72,'大米  ',3,'番茄手指饼',6,'2016-10-26	21:38:53'),(817,72,'大米  ',3,'芝士条手指饼',6,'2016-10-26	21:38:53'),(818,72,'大米  ',3,'蔬果手指饼',6,'2016-10-26	21:38:53'),(819,72,'大米  ',3,'农场泡芙条',6,'2016-10-26	21:38:53'),(820,72,'大米  ',3,'苹果甜土豆手指饼',6,'2016-10-26	21:38:53'),(821,72,'大米  ',3,'番茄手指饼',6,'2016-10-26	21:38:53'),(822,72,'大米  ',3,'芝士条手指饼',6,'2016-10-26	21:38:53'),(823,69,'姝s***  ',2,'蔬果手指饼',6,'2016-10-28	20:02:26'),(824,69,'姝s***  ',2,'农场泡芙条',6,'2016-10-28	20:02:26'),(825,69,'姝s***  ',2,'苹果甜土豆手指饼',6,'2016-10-28	20:02:26'),(826,52,'li***  ',1,'枫糖肉桂',6,'2016-10-28	22:23:51'),(827,43,'hs***  ',12,'苹果甜土豆手指饼',6,'2016-10-24	9:05:28'),(828,43,'hs***  ',12,'番茄手指饼',6,'2016-10-24	9:05:28'),(829,43,'hs***  ',12,'芝士条手指饼',6,'2016-10-24	9:05:28'),(830,10,'sa***  ',3,'芝士条手指饼',6,'2016-10-26	21:50:32'),(831,43,'hs***  ',12,'苹果甜土豆手指饼',6,'2016-10-24	9:05:28'),(832,43,'hs***  ',12,'番茄手指饼',6,'2016-10-24	9:05:28'),(833,43,'hs***  ',12,'芝士条手指饼',6,'2016-10-24	9:05:28'),(834,21,'高级***  ',2,'番茄手指饼',6,'2016-10-25	4:34:59'),(835,21,'高级***  ',2,'芝士条手指饼',6,'2016-10-25	4:34:59'),(836,51,'ti***  ',5,'枫糖肉桂',6,'2016-10-17	10:28:13'),(837,51,'ti***  ',5,'番茄手指饼',6,'2016-10-17	10:28:13'),(838,51,'ti***  ',5,'芝士条手指饼',6,'2016-10-17	10:28:13'),(839,43,'hs***  ',10,'番茄手指饼',6,'2016-10-18	20:28:03'),(840,43,'hs***  ',10,'芝士条手指饼',6,'2016-10-18	20:28:03'),(841,33,' ch*** ',2,'Earth‘s best 地球最好二段燕麦粉',7,'2017-4-25	0:29:57'),(842,54,' 糖糖*** ',5,'Earth‘s best 地球最好二段燕麦粉',7,'2017-4-23	10:31:39'),(843,51,' ti*** ',6,'Earth‘s best 地球最好二段燕麦粉',7,'2017-4-24	11:35:50'),(844,45,' 丁健 ',15,'Earth‘s best 地球最好二段燕麦粉',7,'2017-4-15	11:39:05'),(845,33,' ch*** ',1,'Earth‘s best 地球最好二段燕麦粉',7,'2017-4-22	0:22:23'),(846,33,' ch*** ',1,'Earth‘s best 地球最好二段燕麦粉',7,'2017-4-20	1:03:47'),(847,73,' zh*** ',3,'Earth‘s best 地球最好二段燕麦粉',7,'2017-4-16	1:40:03'),(848,33,' ch*** ',2,'Earth‘s best 地球最好二段燕麦粉',7,'2017-4-13	21:30:49'),(849,33,' ch*** ',3,'Earth‘s best 地球最好二段燕麦粉',7,'2017-4-13	22:14:25'),(850,33,' ch*** ',1,'Earth‘s best 地球最好二段燕麦粉',7,'2017-4-13	22:16:17'),(851,33,' ch*** ',1,'Earth‘s best 地球最好二段燕麦粉',7,'2017-4-10	21:29:19'),(852,33,' ch*** ',2,'Earth‘s best 地球最好二段燕麦粉',7,'2017-4-3	22:59:04'),(853,41,' 13*** ',1,'Earth‘s best 地球最好二段燕麦粉',7,'2017-4-1	21:56:12'),(854,73,' zh*** ',5,'Earth‘s best 地球最好二段燕麦粉',7,'2017-3-31	1:32:31'),(855,12,' gr*** ',8,'Earth‘s best 地球最好二段燕麦粉',7,'2017-3-29	2:48:42'),(856,58,' yy*** ',3,'Earth‘s best 地球最好二段燕麦粉',7,'2017-3-25	11:40:45'),(857,73,' zh*** ',2,'Earth‘s best 地球最好二段燕麦粉',7,'2017-3-29	1:44:28'),(858,52,' li*** ',1,'Earth‘s best 地球最好二段燕麦粉',7,'2017-3-28	23:18:22'),(859,73,' zh*** ',5,'Earth‘s best 地球最好二段燕麦粉',7,'2017-3-25	0:30:59'),(860,47,' 18*** ',2,'Earth‘s best 地球最好二段燕麦粉',7,'2017-3-23	14:59:37'),(861,33,'ch***  ',2,'Earth‘s best 地球最好二段燕麦粉',7,'2017-4-25	0:29:57'),(862,54,'糖糖***  ',5,'Earth‘s best 地球最好二段燕麦粉',7,'2017-4-23	10:31:39'),(863,51,'ti***  ',6,'Earth‘s best 地球最好二段燕麦粉',7,'2017-4-24	11:35:50'),(864,45,'丁健  ',15,'Earth‘s best 地球最好二段燕麦粉',7,'2017-4-15	11:39:05'),(865,33,'ch***  ',1,'Earth‘s best 地球最好二段燕麦粉',7,'2017-4-22	0:22:23'),(866,33,'ch***  ',1,'Earth‘s best 地球最好二段燕麦粉',7,'2017-4-20	1:03:47'),(867,73,'zh***  ',3,'Earth‘s best 地球最好二段燕麦粉',7,'2017-4-16	1:40:03'),(868,33,'ch***  ',2,'Earth‘s best 地球最好二段燕麦粉',7,'2017-4-13	21:30:49'),(869,33,'ch***  ',3,'Earth‘s best 地球最好二段燕麦粉',7,'2017-4-13	22:14:25'),(870,33,'ch***  ',1,'Earth‘s best 地球最好二段燕麦粉',7,'2017-4-13	22:16:17'),(871,33,'ch***  ',1,'Earth‘s best 地球最好二段燕麦粉',7,'2017-4-10	21:29:19'),(872,33,'ch***  ',2,'Earth‘s best 地球最好二段燕麦粉',7,'2017-4-3	22:59:04'),(873,41,'13***  ',1,'Earth‘s best 地球最好二段燕麦粉',7,'2017-4-1	21:56:12'),(874,73,'zh***  ',5,'Earth‘s best 地球最好二段燕麦粉',7,'2017-3-31	1:32:31'),(875,12,'gr***  ',8,'Earth‘s best 地球最好二段燕麦粉',7,'2017-3-29	2:48:42'),(876,58,'yy***  ',3,'Earth‘s best 地球最好二段燕麦粉',7,'2017-3-25	11:40:45'),(877,73,'zh***  ',2,'Earth‘s best 地球最好二段燕麦粉',7,'2017-3-29	1:44:28'),(878,52,'li***  ',1,'Earth‘s best 地球最好二段燕麦粉',7,'2017-3-28	23:18:22'),(879,73,'zh***  ',5,'Earth‘s best 地球最好二段燕麦粉',7,'2017-3-25	0:30:59'),(880,47,'18***  ',2,'Earth‘s best 地球最好二段燕麦粉',7,'2017-3-23	14:59:37'),(881,73,'zh***  ',1,'Earth‘s best 地球最好二段燕麦粉',7,'2017-3-21	14:45:29'),(882,63,'ca***  ',4,'Earth‘s best 地球最好二段燕麦粉',7,'2017-3-21	16:59:15'),(883,33,'ch***  ',2,'Earth‘s best 地球最好二段燕麦粉',7,'2017-3-20	22:26:17'),(884,73,'zh***  ',3,'Earth‘s best 地球最好二段燕麦粉',7,'2017-3-20	16:28:38'),(885,73,'zh***  ',1,'Earth‘s best 地球最好二段燕麦粉',7,'2017-3-19	0:49:33'),(886,52,'li***  ',1,'Earth‘s best 地球最好二段燕麦粉',7,'2017-3-16	21:24:30'),(887,21,'高级***  ',1,'Earth‘s best 地球最好二段燕麦粉',7,'2017-3-17	15:50:00'),(888,74,'tr***  ',3,'Earth‘s best 地球最好二段燕麦粉',7,'2017-3-17	1:19:47'),(889,63,'ca***  ',2,'Earth‘s best 地球最好二段燕麦粉',7,'2017-2-28	17:14:02'),(890,34,'ry***  ',5,'Earth‘s best 地球最好二段燕麦粉',7,'2017-3-15	0:46:43'),(891,21,'高级***  ',2,'Earth‘s best 地球最好二段燕麦粉',7,'2017-3-15	3:18:41'),(892,41,'13***  ',1,'Earth‘s best 地球最好二段燕麦粉',7,'2017-3-11	18:40:45'),(893,45,'丁健  ',12,'Earth‘s best 地球最好二段燕麦粉',7,'2017-3-9	22:41:14'),(894,34,'ry***  ',4,'Earth‘s best 地球最好二段燕麦粉',7,'2017-3-8	0:36:50'),(895,73,'zh***  ',3,'Earth‘s best 地球最好二段燕麦粉',7,'2017-3-7	1:48:41'),(896,31,'99***  ',2,'Earth‘s best 地球最好二段燕麦粉',7,'2017-3-4	9:48:15'),(897,34,'ry***  ',1,'Earth‘s best 地球最好二段燕麦粉',7,'2017-3-4	1:08:21'),(898,33,'ch***  ',2,'Earth‘s best 地球最好二段燕麦粉',7,'2017-3-2	22:37:53'),(899,73,'zh***  ',3,'Earth‘s best 地球最好二段燕麦粉',7,'2017-2-28	22:59:41'),(900,33,'ch***  ',4,'Earth‘s best 地球最好二段燕麦粉',7,'2017-2-27	2:09:42'),(901,60,'le***  ',2,'Earth‘s best 地球最好二段燕麦粉',7,'2017-2-25	10:37:03'),(902,52,'li***  ',2,'Earth‘s best 地球最好二段燕麦粉',7,'2017-2-23	17:20:09'),(903,11,'15***  ',1,'Earth‘s best 地球最好二段燕麦粉',7,'2017-2-19	0:06:45'),(904,12,'gr***  ',5,'Earth‘s best 地球最好二段燕麦粉',7,'2017-2-20	18:35:05'),(905,26,'小阿***  ',5,'Earth‘s best 地球最好二段燕麦粉',7,'2017-2-20	13:32:33'),(906,73,'zh***  ',5,'Earth‘s best 地球最好二段燕麦粉',7,'2017-2-19	0:24:21'),(907,34,'ry***  ',3,'Earth‘s best 地球最好二段燕麦粉',7,'2017-2-16	16:49:32'),(908,73,'zh***  ',2,'Earth‘s best 地球最好二段燕麦粉',7,'2017-2-21	0:02:05'),(909,73,'zh***  ',5,'Earth‘s best 地球最好二段燕麦粉',7,'2017-2-20	23:20:41'),(910,12,'gr***  ',4,'Earth‘s best 地球最好二段燕麦粉',7,'2017-2-17	16:00:17'),(911,60,'le***  ',3,'Earth‘s best 地球最好二段燕麦粉',7,'2017-2-14	20:39:14'),(912,68,'橙妈  ',2,'Earth‘s best 地球最好二段燕麦粉',7,'2017-2-17	3:38:36'),(913,63,'ca***  ',2,'Earth‘s best 地球最好二段燕麦粉',7,'2017-2-4	17:18:57'),(914,60,'le***  ',3,'Earth‘s best 地球最好二段燕麦粉',7,'2017-2-14	20:39:14'),(915,37,'李美***  ',5,'Earth‘s best 地球最好二段燕麦粉',7,'2017-2-11	9:28:45'),(916,73,'zh***  ',2,'Earth‘s best 地球最好二段燕麦粉',7,'2017-2-11	16:06:59'),(917,73,'zh***  ',2,'Earth‘s best 地球最好二段燕麦粉',7,'2017-2-12	21:26:30'),(918,73,'zh***  ',3,'Earth‘s best 地球最好二段燕麦粉',7,'2017-2-8	23:17:06'),(919,73,'zh***  ',1,'Earth‘s best 地球最好二段燕麦粉',7,'2017-2-3	17:23:13'),(920,2,'朱崽***  ',40,'Earth‘s best 地球最好二段燕麦粉',7,'2017-2-4	16:53:29'),(921,54,'糖糖***  ',12,'Earth‘s best 地球最好二段燕麦粉',7,'2017-2-4	8:17:53'),(922,2,'朱崽***  ',40,'Earth‘s best 地球最好二段燕麦粉',7,'2017-2-4	16:53:29'),(923,63,'ca***  ',2,'Earth‘s best 地球最好二段燕麦粉',7,'2017-2-4	17:18:57'),(924,33,'ch***  ',4,'Earth‘s best 地球最好二段燕麦粉',7,'2017-2-7	1:32:37'),(925,33,'ch***  ',2,'Earth‘s best 地球最好二段燕麦粉',7,'2017-2-7	4:11:59'),(926,18,'vi***  ',12,'Earth‘s best 地球最好二段燕麦粉',7,'2017-1-27	11:17:07'),(927,47,'18***  ',5,'Earth‘s best 地球最好二段燕麦粉',7,'2017-1-16	9:10:43'),(928,31,'99***  ',3,'Earth‘s best 地球最好二段燕麦粉',7,'2017-1-12	14:10:33'),(929,33,'ch***  ',1,'Earth‘s best 地球最好二段燕麦粉',7,'2017-1-18	2:46:20'),(930,31,'99***  ',3,'Earth‘s best 地球最好二段燕麦粉',7,'2017-1-12	14:10:33'),(931,73,'zh***  ',3,'Earth‘s best 地球最好二段燕麦粉',7,'2017-1-17	2:10:31'),(932,2,'朱崽***  ',5,'Earth‘s best 地球最好二段燕麦粉',7,'2017-1-11	15:35:20'),(933,73,'zh***  ',1,'Earth‘s best 地球最好二段燕麦粉',7,'2017-1-7	21:08:32'),(934,51,'ti***  ',12,'Earth‘s best 地球最好二段燕麦粉',7,'2017-1-4	17:46:31'),(935,73,'zh***  ',1,'Earth‘s best 地球最好二段燕麦粉',7,'2017-1-7	21:08:32'),(936,73,'zh***  ',3,'Earth‘s best 地球最好二段燕麦粉',7,'2017-1-11	18:41:30'),(937,33,'ch***  ',1,'Earth‘s best 地球最好二段燕麦粉',7,'2017-1-10	2:51:22'),(938,73,'zh***  ',5,'Earth‘s best 地球最好二段燕麦粉',7,'2016-12-31	12:24:16'),(939,73,'zh***  ',5,'Earth‘s best 地球最好二段燕麦粉',7,'2016-12-31	12:24:16'),(940,12,'gr***  ',3,'Earth‘s best 地球最好二段燕麦粉',7,'2017-1-4	3:55:49'),(941,51,'ti***  ',12,'Earth‘s best 地球最好二段燕麦粉',7,'2017-1-4	17:46:31'),(942,16,'中级***  ',10,'Earth‘s best 地球最好二段燕麦粉',7,'2016-12-25	19:08:55'),(943,33,'ch***  ',1,'Earth‘s best 地球最好二段燕麦粉',7,'2016-12-30	1:50:30'),(944,31,'99***  ',1,'Earth‘s best 地球最好二段燕麦粉',7,'2016-12-24	16:50:10'),(945,21,'高级***  ',10,'Earth‘s best 地球最好二段燕麦粉',7,'2016-12-20	9:50:08'),(946,52,'li***  ',1,'Earth‘s best 地球最好二段燕麦粉',7,'2016-12-23	22:57:54'),(947,34,'ry***  ',6,'Earth‘s best 地球最好二段燕麦粉',7,'2016-12-22	21:46:05'),(948,73,'zh***  ',3,'Earth‘s best 地球最好二段燕麦粉',7,'2016-12-20	22:10:46'),(949,2,'朱崽***  ',2,'Earth‘s best 地球最好二段燕麦粉',7,'2016-12-15	22:55:22'),(950,33,'ch***  ',1,'Earth‘s best 地球最好二段燕麦粉',7,'2016-12-19	23:43:35'),(951,33,'ch***  ',1,'Earth‘s best 地球最好二段燕麦粉',7,'2016-12-17	1:03:46'),(952,54,'糖糖***  ',15,'Earth‘s best 地球最好二段燕麦粉',7,'2016-12-16	1:55:20'),(953,73,'zh***  ',1,'Earth‘s best 地球最好二段燕麦粉',7,'2016-12-16	15:32:06'),(954,16,'中级***  ',10,'Earth‘s best 地球最好二段燕麦粉',7,'2016-12-16	7:42:58'),(955,73,'zh***  ',1,'Earth‘s best 地球最好二段燕麦粉',7,'2016-12-14	15:50:18'),(956,73,'zh***  ',3,'Earth‘s best 地球最好二段燕麦粉',7,'2016-12-14	23:59:00'),(957,34,'ry***  ',2,'Earth‘s best 地球最好二段燕麦粉',7,'2016-12-9	22:06:41'),(958,60,'le***  ',6,'Earth‘s best 地球最好二段燕麦粉',7,'2016-12-4	20:25:20'),(959,52,'li***  ',1,'Earth‘s best 地球最好二段燕麦粉',7,'2016-12-5	22:07:11'),(960,73,'zh***  ',2,'Earth‘s best 地球最好二段燕麦粉',7,'2016-12-6	22:41:58'),(961,49,'淼妈***  ',10,'Earth‘s best 地球最好二段燕麦粉',7,'2016-11-25	11:06:43'),(962,73,'zh***  ',3,'Earth‘s best 地球最好二段燕麦粉',7,'2016-12-5	0:08:44'),(963,73,'zh***  ',4,'Earth‘s best 地球最好二段燕麦粉',7,'2016-12-4	12:14:59'),(964,52,'li***  ',2,'Earth‘s best 地球最好二段燕麦粉',7,'2016-11-22	23:44:26'),(965,73,'zh***  ',7,'Earth‘s best 地球最好二段燕麦粉',7,'2016-12-2	1:55:24'),(966,52,'li***  ',1,'Earth‘s best 地球最好二段燕麦粉',7,'2016-12-1	23:07:02'),(967,12,'gr***  ',4,'Earth‘s best 地球最好二段燕麦粉',7,'2016-11-28	0:47:03'),(968,33,'ch***  ',4,'Earth‘s best 地球最好二段燕麦粉',7,'2016-11-28	1:00:31'),(969,49,'淼妈***  ',10,'Earth‘s best 地球最好二段燕麦粉',7,'2016-11-25	11:06:43'),(970,73,'zh***  ',1,'Earth‘s best 地球最好二段燕麦粉',7,'2016-11-22	2:55:18'),(971,63,'ca***  ',2,'Earth‘s best 地球最好二段燕麦粉',7,'2016-11-23	11:35:05'),(972,73,'zh***  ',3,'Earth‘s best 地球最好二段燕麦粉',7,'2016-11-27	18:59:18'),(973,73,'zh***  ',3,'Earth‘s best 地球最好二段燕麦粉',7,'2016-11-27	14:07:39'),(974,52,'li***  ',2,'Earth‘s best 地球最好二段燕麦粉',7,'2016-11-22	23:44:26'),(975,33,'ch***  ',2,'Earth‘s best 地球最好二段燕麦粉',7,'2016-11-25	23:27:01'),(976,33,'ch***  ',0,'Earth‘s best 地球最好二段燕麦粉',7,'2016-11-24	2:30:32'),(977,52,'li***  ',1,'Earth‘s best 地球最好二段燕麦粉',7,'2016-11-22	23:59:10'),(978,73,'zh***  ',2,'Earth‘s best 地球最好二段燕麦粉',7,'2016-11-20	1:27:31'),(979,54,'糖糖***  ',2,'Earth‘s best 地球最好二段燕麦粉',7,'2016-11-21	10:09:48'),(980,45,'丁健  ',6,'Earth‘s best 地球最好二段燕麦粉',7,'2016-11-5	22:26:48'),(981,63,'ca***  ',3,'Earth‘s best 地球最好二段燕麦粉',7,'2016-11-18	21:59:06'),(982,33,'ch***  ',2,'Earth‘s best 地球最好二段燕麦粉',7,'2016-11-19	2:29:09'),(983,34,'ry***  ',1,'Earth‘s best 地球最好二段燕麦粉',7,'2016-11-17	0:15:25'),(984,4,'任淑***  ',6,'Earth‘s best 地球最好二段燕麦粉',7,'2016-11-15	2:53:56'),(985,73,'zh***  ',3,'Earth‘s best 地球最好二段燕麦粉',7,'2016-11-11	1:42:28'),(986,56,'李杰  ',20,'Earth‘s best 地球最好二段燕麦粉',7,'2016-11-5	1:50:34'),(987,45,'丁健  ',6,'Earth‘s best 地球最好二段燕麦粉',7,'2016-11-5	22:26:48'),(988,73,'zh***  ',2,'Earth‘s best 地球最好二段燕麦粉',7,'2016-11-7	22:48:04'),(989,56,'李杰  ',20,'Earth‘s best 地球最好二段燕麦粉',7,'2016-11-5	1:50:34'),(990,73,'zh***  ',2,'Earth‘s best 地球最好二段燕麦粉',7,'2016-11-7	23:40:43'),(991,34,'ry***  ',1,'Earth‘s best 地球最好二段燕麦粉',7,'2016-11-4	9:26:49'),(992,73,'zh***  ',2,'Earth‘s best 地球最好二段燕麦粉',7,'2016-11-2	0:54:11'),(993,73,'zh***  ',2,'Earth‘s best 地球最好二段燕麦粉',7,'2016-11-2	0:54:11'),(994,52,'li***  ',1,'Earth‘s best 地球最好二段燕麦粉',7,'2016-11-2	22:54:47'),(995,52,'li***  ',1,'Earth‘s best 地球最好二段燕麦粉',7,'2016-11-1	0:39:13'),(996,73,'zh***  ',3,'Earth‘s best 地球最好二段燕麦粉',7,'2016-10-22	16:08:10'),(997,10,'sa***  ',2,'Earth‘s best 地球最好二段燕麦粉',7,'2016-10-26	21:50:32'),(998,73,'zh***  ',3,'Earth‘s best 地球最好二段燕麦粉',7,'2016-10-22	16:08:10'),(999,50,'莫小***  ',10,'Earth‘s best 地球最好二段燕麦粉',7,'2016-10-10	22:57:06'),(1000,60,'le***  ',8,'Earth‘s best 地球最好二段燕麦粉',7,'2016-10-19	9:05:56'),(1001,51,'ti***  ',12,'Earth‘s best 地球最好二段燕麦粉',7,'2016-10-17	10:28:13'),(1002,2,'朱崽***  ',5,'Earth‘s best 地球最好二段燕麦粉',7,'2016-10-19	20:02:30'),(1003,31,'99***  ',2,'Earth‘s best 地球最好二段燕麦粉',7,'2016-9-8	3:48:10'),(1004,73,'zh***  ',2,'Earth‘s best 地球最好二段燕麦粉',7,'2016-10-18	23:26:32'),(1005,21,'高级***  ',6,'Earth‘s best 地球最好二段燕麦粉',7,'2016-10-13	6:14:19'),(1006,30,'初级***  ',13,'Earth‘s best 地球最好二段燕麦粉',7,'2016-10-13	12:00:23'),(1007,34,'ry***  ',1,'Earth‘s best 地球最好二段燕麦粉',7,'2016-10-12	2:10:48'),(1008,52,'li***  ',1,'Earth‘s best 地球最好二段燕麦粉',7,'2016-10-10	23:20:55'),(1009,39,'we***  ',2,'Earth‘s best 地球最好二段燕麦粉',7,'2016-10-9	18:27:36'),(1010,76,'彤彤***  ',4,'Earth‘s best 地球最好二段燕麦粉',7,'2016-10-4	17:11:01'),(1011,45,'丁健  ',12,'Earth‘s best 地球最好二段燕麦粉',7,'2016-10-3	1:35:25'),(1012,45,'丁健  ',12,'Earth‘s best 地球最好二段燕麦粉',7,'2016-10-3	1:35:25'),(1013,52,'li***  ',5,'Earth‘s best 地球最好二段燕麦粉',7,'2016-9-27	0:07:28'),(1014,6,'zy  ',2,'Earth‘s best 地球最好二段燕麦粉',7,'2016-9-22	14:37:48'),(1015,4,'任淑***  ',3,'Earth‘s best 地球最好二段燕麦粉',7,'2016-9-20	1:24:20'),(1016,4,'任淑***  ',3,'Earth‘s best 地球最好二段燕麦粉',7,'2016-9-20	1:24:20'),(1017,50,'莫小***  ',6,'Earth‘s best 地球最好二段燕麦粉',7,'2016-8-31	15:45:09'),(1018,50,'莫小***  ',6,'Earth‘s best 地球最好二段燕麦粉',7,'2016-8-31	15:45:09'),(1019,51,'ti***  ',12,'Earth‘s best 地球最好二段燕麦粉',7,'2016-8-30	17:21:45'),(1020,63,'ca***  ',5,'Earth‘s best 地球最好二段燕麦粉',7,'2016-8-30	19:53:11'),(1021,73,'zh***  ',1,'Earth‘s best 地球最好二段燕麦粉',7,'2016-8-30	23:45:23'),(1022,12,'gr***  ',2,'Earth‘s best 地球最好二段燕麦粉',7,'2016-8-30	7:47:19'),(1023,45,'丁健  ',4,'Earth‘s best 地球最好二段燕麦粉',7,'2016-8-28	14:09:04'),(1024,45,'丁健  ',4,'Earth‘s best 地球最好二段燕麦粉',7,'2016-8-28	14:09:04'),(1025,33,'ch***  ',1,'Earth‘s best 地球最好二段燕麦粉',7,'2016-8-27	23:38:42'),(1026,72,'大米  ',2,'Earth‘s best 地球最好二段燕麦粉',7,'2016-8-19	11:06:49'),(1027,13,'aj***  ',1,'Earth‘s best 地球最好二段燕麦粉',7,'2016-8-21	14:58:14'),(1028,52,'li***  ',3,'Earth‘s best 地球最好二段燕麦粉',7,'2016-8-20	22:48:18'),(1029,73,'zh***  ',2,'Earth‘s best 地球最好二段燕麦粉',7,'2016-8-22	23:00:19'),(1030,34,'ry***  ',3,'Earth‘s best 地球最好二段燕麦粉',7,'2016-8-19	9:39:53'),(1031,52,'li***  ',1,'Earth‘s best 地球最好二段燕麦粉',7,'2016-8-18	23:46:59'),(1032,52,'li***  ',1,'Earth‘s best 地球最好二段燕麦粉',7,'2016-8-18	23:46:59'),(1033,63,'ca***  ',4,'Earth‘s best 地球最好二段燕麦粉',7,'2016-8-16	20:26:39'),(1034,12,'gr***  ',3,'Earth‘s best 地球最好二段燕麦粉',7,'2016-8-6	10:13:57'),(1035,34,'ry***  ',4,'Earth‘s best 地球最好二段燕麦粉',7,'2016-8-6	0:30:46'),(1036,34,'ry***  ',1,'Earth‘s best 地球最好二段燕麦粉',7,'2016-8-6	0:38:43'),(1037,76,'彤彤***  ',2,'Earth‘s best 地球最好二段燕麦粉',7,'2016-8-9	23:22:04'),(1038,39,'we***  ',4,'Earth‘s best 地球最好二段燕麦粉',7,'2016-8-4	23:51:40'),(1039,76,'彤彤***  ',1,'Earth‘s best 地球最好二段燕麦粉',7,'2016-8-3	13:15:34'),(1040,73,'zh***  ',5,'Earth‘s best 地球最好二段燕麦粉',7,'2016-7-28	18:14:34'),(1041,54,'糖糖***  ',3,'Earth‘s best 地球最好二段燕麦粉',7,'2016-7-28	17:10:14'),(1042,73,'zh***  ',4,'Earth‘s best 地球最好二段燕麦粉',7,'2016-7-25	22:34:14'),(1043,4,'任淑***  ',4,'Earth‘s best 地球最好二段燕麦粉',7,'2016-7-26	1:21:24'),(1044,64,'bo***  ',1,'Earth‘s best 地球最好二段燕麦粉',7,'2016-7-22	5:18:23'),(1045,73,'zh***  ',1,'Earth‘s best 地球最好二段燕麦粉',7,'2016-7-20	2:52:41'),(1046,73,'zh***  ',4,'Earth‘s best 地球最好二段燕麦粉',7,'2016-7-14	15:25:45'),(1047,51,'ti***  ',12,'Earth‘s best 地球最好二段燕麦粉',7,'2016-7-9	11:09:30'),(1048,63,'ca***  ',6,'Earth‘s best 地球最好二段燕麦粉',7,'2016-7-11	20:23:46'),(1049,34,'ry***  ',1,'Earth‘s best 地球最好二段燕麦粉',7,'2016-7-13	1:48:40'),(1050,34,'ry***  ',1,'Earth‘s best 地球最好二段燕麦粉',7,'2016-7-6	20:00:49'),(1051,73,'zh***  ',1,'Earth‘s best 地球最好二段燕麦粉',7,'2016-7-10	1:27:52'),(1052,64,'bo***  ',4,'Earth‘s best 地球最好二段燕麦粉',7,'2016-7-9	1:46:23'),(1053,2,'朱崽***  ',5,'Earth‘s best 地球最好二段燕麦粉',7,'2016-6-23	22:27:37'),(1054,43,'hs***  ',10,'Earth‘s best 地球最好二段燕麦粉',7,'2016-6-28	9:55:18'),(1055,26,'小阿***  ',10,'Earth‘s best 地球最好二段燕麦粉',7,'2016-6-24	15:46:47'),(1056,63,'ca***  ',4,'Earth‘s best 地球最好二段燕麦粉',7,'2016-6-16	14:31:23'),(1057,63,'ca***  ',3,'Earth‘s best 地球最好二段燕麦粉',7,'2016-6-14	14:07:15'),(1058,17,'郭美***  ',2,'Earth‘s best 地球最好二段燕麦粉',7,'2016-6-14	12:14:11'),(1059,32,'李丽***  ',3,'Earth‘s best 地球最好二段燕麦粉',7,'2016-6-6	23:07:56'),(1060,63,'ca***  ',2,'Earth‘s best 地球最好二段燕麦粉',7,'2016-6-5	13:45:27'),(1061,32,'李丽***  ',3,'Earth‘s best 地球最好二段燕麦粉',7,'2016-6-6	23:07:56'),(1062,26,'小阿***  ',3,'Earth‘s best 地球最好二段燕麦粉',7,'2016-6-1	17:42:50'),(1063,54,'糖糖***  ',1,'Earth‘s best 地球最好二段燕麦粉',7,'2016-6-4	6:36:04'),(1064,73,'zh***  ',1,'Earth‘s best 地球最好二段燕麦粉',7,'2016-6-4	9:30:42'),(1065,14,'曹丹  ',2,'Earth‘s best 地球最好二段燕麦粉',7,'2016-6-2	13:34:17'),(1066,69,'姝s***  ',1,'Earth‘s best 地球最好二段燕麦粉',7,'2016-5-30	16:15:55'),(1067,24,'暖颜  ',5,'Earth‘s best 地球最好二段燕麦粉',7,'2016-5-31	10:18:56'),(1068,34,'ry***  ',1,'Earth‘s best 地球最好二段燕麦粉',7,'2016-5-27	1:11:38'),(1069,51,'ti***  ',12,'Earth‘s best 地球最好二段燕麦粉',7,'2016-5-25	18:09:54'),(1070,26,'小阿***  ',3,'Earth‘s best 地球最好二段燕麦粉',7,'2016-5-26	16:34:52'),(1071,30,'初级***  ',6,'Earth‘s best 地球最好二段燕麦粉',7,'2016-5-27	8:05:57'),(1072,64,'bo***  ',2,'Earth‘s best 地球最好二段燕麦粉',7,'2016-5-25	3:12:00'),(1073,24,'暖颜  ',1,'Earth‘s best 地球最好二段燕麦粉',7,'2016-5-19	22:30:00'),(1074,24,'暖颜  ',1,'Earth‘s best 地球最好二段燕麦粉',7,'2016-5-18	0:29:03'),(1075,72,'大米  ',1,'Earth‘s best 地球最好二段燕麦粉',7,'2016-5-13	11:08:11'),(1076,6,'zy  ',5,'Earth‘s best 地球最好二段燕麦粉',7,'2016-5-11	14:43:33'),(1077,63,'ca***  ',6,'Earth‘s best 地球最好二段燕麦粉',7,'2016-5-10	22:19:13'),(1078,24,'暖颜  ',1,'Earth‘s best 地球最好二段燕麦粉',7,'2016-5-4	11:01:42'),(1079,60,'le***  ',3,'Earth‘s best 地球最好二段燕麦粉',7,'2016-4-27	18:58:56'),(1080,63,'ca***  ',4,'Earth‘s best 地球最好二段燕麦粉',7,'2016-4-26	20:45:39'),(1081,6,'zy  ',5,'Earth‘s best 地球最好二段燕麦粉',7,'2016-4-17	18:16:20'),(1082,63,'ca***  ',6,'Earth‘s best 地球最好二段燕麦粉',7,'2016-4-18	7:55:57'),(1083,51,'ti***  ',12,'Earth‘s best 地球最好二段燕麦粉',7,'2016-4-21	21:33:15'),(1084,35,'fe***  ',4,'Earth‘s best 地球最好二段燕麦粉',7,'2016-4-13	15:50:42'),(1085,5,'hu***  ',3,'Earth‘s best 地球最好二段燕麦粉',7,'2016-4-16	8:13:13'),(1086,32,'李丽***  ',3,'Earth‘s best 地球最好二段燕麦粉',7,'2016-4-8	21:26:44'),(1087,63,'ca***  ',6,'Earth‘s best 地球最好二段燕麦粉',7,'2016-4-6	20:57:49'),(1088,6,'zy  ',6,'Earth‘s best 地球最好二段燕麦粉',7,'2016-4-3	13:07:41'),(1089,60,'le***  ',3,'Earth‘s best 地球最好二段燕麦粉',7,'2016-4-1	16:35:38'),(1090,63,'ca***  ',5,'Earth‘s best 地球最好二段燕麦粉',7,'2016-3-31	18:29:00'),(1091,63,'ca***  ',8,'Earth‘s best 地球最好二段燕麦粉',7,'2016-3-27	22:13:37'),(1092,54,'糖糖***  ',2,'Earth‘s best 地球最好二段燕麦粉',7,'2016-3-17	15:28:46'),(1093,24,'暖颜  ',1,'Earth‘s best 地球最好二段燕麦粉',7,'2016-1-28	14:36:37'),(1094,54,'糖糖***  ',2,'Earth‘s best 地球最好二段燕麦粉',7,'2016-3-17	15:28:46'),(1095,63,'ca***  ',6,'Earth‘s best 地球最好二段燕麦粉',7,'2016-3-23	23:58:25'),(1096,76,'彤彤***  ',12,'Earth‘s best 地球最好二段燕麦粉',7,'2016-3-17	15:01:54'),(1097,63,'ca***  ',8,'Earth‘s best 地球最好二段燕麦粉',7,'2016-3-17	13:47:14'),(1098,54,'糖糖***  ',2,'Earth‘s best 地球最好二段燕麦粉',7,'2016-3-17	15:28:46'),(1099,63,'ca***  ',2,'Earth‘s best 地球最好二段燕麦粉',7,'2016-3-9	8:31:28'),(1100,25,'张安***  ',4,'Earth‘s best 地球最好二段燕麦粉',7,'2016-3-10	21:36:45'),(1101,72,'大米  ',1,'Earth‘s best 地球最好二段燕麦粉',7,'2016-2-26	15:39:54'),(1102,63,'ca***  ',6,'Earth‘s best 地球最好二段燕麦粉',7,'2016-2-21	12:44:45'),(1103,6,'zy  ',6,'Earth‘s best 地球最好二段燕麦粉',7,'2016-2-17	13:07:21'),(1104,51,'ti***  ',24,'Earth‘s best 地球最好二段燕麦粉',7,'2016-2-11	16:07:47'),(1105,24,'暖颜  ',1,'Earth‘s best 地球最好二段燕麦粉',7,'2016-1-28	14:36:37'),(1106,63,'ca***  ',4,'Earth‘s best 地球最好二段燕麦粉',7,'2016-1-15	12:47:54'),(1107,76,'彤彤***  ',5,'Earth‘s best 地球最好二段燕麦粉',7,'2016-1-12	13:35:55'),(1108,27,'ka***  ',5,'Earth‘s best 地球最好二段燕麦粉',7,'2016-1-9	3:10:17'),(1109,63,'ca***  ',2,'Earth‘s best 地球最好二段燕麦粉',7,'2016-1-5	0:15:32'),(1110,17,'郭美***  ',5,'Earth‘s best 地球最好二段燕麦粉',7,'2016-1-2	0:33:31'),(1111,63,'ca***  ',5,'Earth‘s best 地球最好二段燕麦粉',7,'2015-12-31	13:35:54'),(1112,32,'李丽***  ',2,'Earth‘s best 地球最好二段燕麦粉',7,'2015-12-28	20:06:14'),(1113,63,'ca***  ',3,'Earth‘s best 地球最好二段燕麦粉',7,'2015-12-22	13:06:47'),(1114,69,'姝s***  ',1,'Earth‘s best 地球最好二段燕麦粉',7,'2015-12-8	14:24:42'),(1115,72,'大米  ',2,'Earth‘s best 地球最好二段燕麦粉',7,'2015-11-21	10:33:20'),(1116,12,'gr***  ',8,'Earth‘s best 地球最好二段燕麦粉',7,'2015-12-16	0:52:18'),(1117,6,'zy  ',6,'Earth‘s best 地球最好二段燕麦粉',7,'2015-12-18	18:11:30'),(1118,24,'暖颜  ',1,'Earth‘s best 地球最好二段燕麦粉',7,'2015-12-7	22:47:56'),(1119,6,'zy  ',12,'Earth‘s best 地球最好二段燕麦粉',7,'2015-12-5	13:30:50'),(1120,51,'ti***  ',12,'Earth‘s best 地球最好二段燕麦粉',7,'2015-11-20	15:46:37'),(1121,33,' ch*** ',1,'La tourangelle 拉杜蓝乔 纯核桃油 500ml',8,'2017-4-25	0:55:39'),(1122,31,' 99*** ',4,'La tourangelle 拉杜蓝乔 纯核桃油 501ml',8,'2017-4-25	9:02:50'),(1123,73,' zh*** ',2,'La tourangelle 拉杜蓝乔 纯核桃油 502ml',8,'2017-4-21	3:30:20'),(1124,33,' ch*** ',1,'La tourangelle 拉杜蓝乔 纯核桃油 503ml',8,'2017-4-10	22:06:22'),(1125,33,' ch*** ',1,'La tourangelle 拉杜蓝乔 纯核桃油 504ml',8,'2017-4-6	23:23:26'),(1126,51,' ti*** ',16,'La tourangelle 拉杜蓝乔 纯核桃油 505ml',8,'2017-3-28	16:22:51'),(1127,73,' zh*** ',1,'La tourangelle 拉杜蓝乔 纯核桃油 506ml',8,'2017-3-31	0:46:19'),(1128,30,' 初级*** ',1,'La tourangelle 拉杜蓝乔 纯核桃油 507ml',8,'2017-4-4	2:52:31'),(1129,12,' gr*** ',6,'La tourangelle 拉杜蓝乔 纯核桃油 508ml',8,'2017-3-29	2:48:42'),(1130,58,' yy*** ',5,'La tourangelle 拉杜蓝乔 纯核桃油 509ml',8,'2017-3-25	11:40:45'),(1131,42,' iv*** ',1,'La tourangelle 拉杜蓝乔 纯核桃油 510ml',8,'2017-3-29	3:59:30'),(1132,73,' zh*** ',1,'La tourangelle 拉杜蓝乔 纯核桃油 511ml',8,'2017-3-29	1:44:28'),(1133,69,' 姝s*** ',3,'La tourangelle 拉杜蓝乔 纯核桃油 512ml',8,'2017-3-24	11:39:43'),(1134,73,' zh*** ',4,'La tourangelle 拉杜蓝乔 纯核桃油 513ml',8,'2017-3-25	0:30:59'),(1135,73,' zh*** ',2,'La tourangelle 拉杜蓝乔 纯核桃油 514ml',8,'2017-3-25	23:54:24'),(1136,52,' li*** ',1,'La tourangelle 拉杜蓝乔 纯核桃油 515ml',8,'2017-2-19	14:07:24'),(1137,68,' 橙妈 ',1,'La tourangelle 拉杜蓝乔 纯核桃油 516ml',8,'2017-2-17	4:18:01'),(1138,73,' zh*** ',2,'La tourangelle 拉杜蓝乔 纯核桃油 517ml',8,'2017-2-14	4:21:05'),(1139,33,' ch*** ',1,'La tourangelle 拉杜蓝乔 纯核桃油 518ml',8,'2017-2-13	2:39:55'),(1140,73,' zh*** ',2,'La tourangelle 拉杜蓝乔 纯核桃油 519ml',8,'2017-2-7	4:01:05'),(1141,33,'ch***  ',1,'La tourangelle 拉杜蓝乔 纯核桃油 520ml',8,'2017-4-25	0:55:39'),(1142,31,'99***  ',4,'La tourangelle 拉杜蓝乔 纯核桃油 521ml',8,'2017-4-25	9:02:50'),(1143,73,'zh***  ',2,'La tourangelle 拉杜蓝乔 纯核桃油 522ml',8,'2017-4-21	3:30:20'),(1144,33,'ch***  ',1,'La tourangelle 拉杜蓝乔 纯核桃油 523ml',8,'2017-4-10	22:06:22'),(1145,33,'ch***  ',1,'La tourangelle 拉杜蓝乔 纯核桃油 524ml',8,'2017-4-6	23:23:26'),(1146,51,'ti***  ',16,'La tourangelle 拉杜蓝乔 纯核桃油 525ml',8,'2017-3-28	16:22:51'),(1147,73,'zh***  ',1,'La tourangelle 拉杜蓝乔 纯核桃油 526ml',8,'2017-3-31	0:46:19'),(1148,30,'初级***  ',1,'La tourangelle 拉杜蓝乔 纯核桃油 527ml',8,'2017-4-4	2:52:31'),(1149,12,'gr***  ',6,'La tourangelle 拉杜蓝乔 纯核桃油 528ml',8,'2017-3-29	2:48:42'),(1150,58,'yy***  ',5,'La tourangelle 拉杜蓝乔 纯核桃油 529ml',8,'2017-3-25	11:40:45'),(1151,42,'iv***  ',1,'La tourangelle 拉杜蓝乔 纯核桃油 530ml',8,'2017-3-29	3:59:30'),(1152,73,'zh***  ',1,'La tourangelle 拉杜蓝乔 纯核桃油 531ml',8,'2017-3-29	1:44:28'),(1153,69,'姝s***  ',3,'La tourangelle 拉杜蓝乔 纯核桃油 532ml',8,'2017-3-24	11:39:43'),(1154,73,'zh***  ',4,'La tourangelle 拉杜蓝乔 纯核桃油 533ml',8,'2017-3-25	0:30:59'),(1155,73,'zh***  ',2,'La tourangelle 拉杜蓝乔 纯核桃油 534ml',8,'2017-3-25	23:54:24'),(1156,52,'li***  ',1,'La tourangelle 拉杜蓝乔 纯核桃油 535ml',8,'2017-2-19	14:07:24'),(1157,68,'橙妈  ',1,'La tourangelle 拉杜蓝乔 纯核桃油 536ml',8,'2017-2-17	4:18:01'),(1158,73,'zh***  ',2,'La tourangelle 拉杜蓝乔 纯核桃油 537ml',8,'2017-2-14	4:21:05'),(1159,33,'ch***  ',1,'La tourangelle 拉杜蓝乔 纯核桃油 538ml',8,'2017-2-13	2:39:55'),(1160,73,'zh***  ',2,'La tourangelle 拉杜蓝乔 纯核桃油 539ml',8,'2017-2-7	4:01:05'),(1161,33,'ch***  ',1,'La tourangelle 拉杜蓝乔 纯核桃油 540ml',8,'2017-2-9	2:25:43'),(1162,73,'zh***  ',1,'La tourangelle 拉杜蓝乔 纯核桃油 541ml',8,'2017-2-7	19:58:56'),(1163,51,'ti***  ',4,'La tourangelle 拉杜蓝乔 纯核桃油 542ml',8,'2017-2-3	14:11:57'),(1164,76,'彤彤***  ',1,'La tourangelle 拉杜蓝乔 纯核桃油 543ml',8,'2017-2-7	15:01:57'),(1165,52,'li***  ',1,'La tourangelle 拉杜蓝乔 纯核桃油 544ml',8,'2017-1-31	23:54:14'),(1166,33,'ch***  ',1,'La tourangelle 拉杜蓝乔 纯核桃油 545ml',8,'2017-2-7	2:31:09'),(1167,33,'ch***  ',1,'La tourangelle 拉杜蓝乔 纯核桃油 546ml',8,'2017-2-7	2:59:24'),(1168,33,'ch***  ',1,'La tourangelle 拉杜蓝乔 纯核桃油 547ml',8,'2017-1-20	1:40:40'),(1169,33,'ch***  ',1,'La tourangelle 拉杜蓝乔 纯核桃油 548ml',8,'2017-1-12	0:17:21'),(1170,73,'zh***  ',1,'La tourangelle 拉杜蓝乔 纯核桃油 549ml',8,'2017-1-7	19:40:24'),(1171,52,'li***  ',1,'La tourangelle 拉杜蓝乔 纯核桃油 550ml',8,'2017-1-11	16:59:22'),(1172,33,'ch***  ',2,'La tourangelle 拉杜蓝乔 纯核桃油 551ml',8,'2017-1-11	2:31:22'),(1173,33,'ch***  ',1,'La tourangelle 拉杜蓝乔 纯核桃油 552ml',8,'2017-1-10	2:27:29'),(1174,33,'ch***  ',1,'La tourangelle 拉杜蓝乔 纯核桃油 553ml',8,'2017-1-10	2:51:22'),(1175,52,'li***  ',2,'La tourangelle 拉杜蓝乔 纯核桃油 554ml',8,'2017-1-9	22:38:54'),(1176,33,'ch***  ',1,'La tourangelle 拉杜蓝乔 纯核桃油 555ml',8,'2017-1-6	3:13:46'),(1177,52,'li***  ',1,'La tourangelle 拉杜蓝乔 纯核桃油 556ml',8,'2017-1-4	22:54:59'),(1178,41,'13***  ',2,'La tourangelle 拉杜蓝乔 纯核桃油 557ml',8,'2016-12-29	19:45:33'),(1179,58,'yy***  ',5,'La tourangelle 拉杜蓝乔 纯核桃油 558ml',8,'2016-12-27	23:58:51'),(1180,61,'qq***  ',1,'La tourangelle 拉杜蓝乔 纯核桃油 559ml',8,'2016-12-17	20:49:44'),(1181,61,'qq***  ',1,'La tourangelle 拉杜蓝乔 纯核桃油 560ml',8,'2016-12-17	20:49:44'),(1182,73,'zh***  ',1,'La tourangelle 拉杜蓝乔 纯核桃油 561ml',8,'2016-12-22	13:59:59'),(1183,76,'彤彤***  ',4,'La tourangelle 拉杜蓝乔 纯核桃油 562ml',8,'2016-12-12	11:11:14'),(1184,73,'zh***  ',2,'La tourangelle 拉杜蓝乔 纯核桃油 563ml',8,'2016-12-20	22:10:46'),(1185,61,'qq***  ',1,'La tourangelle 拉杜蓝乔 纯核桃油 564ml',8,'2016-12-17	20:49:44'),(1186,73,'zh***  ',1,'La tourangelle 拉杜蓝乔 纯核桃油 565ml',8,'2016-12-19	14:13:27'),(1187,33,'ch***  ',1,'La tourangelle 拉杜蓝乔 纯核桃油 566ml',8,'2016-12-17	0:44:32'),(1188,47,'18***  ',5,'La tourangelle 拉杜蓝乔 纯核桃油 567ml',8,'2016-12-15	23:16:36'),(1189,33,'ch***  ',1,'La tourangelle 拉杜蓝乔 纯核桃油 568ml',8,'2016-12-15	2:45:53'),(1190,2,'朱崽***  ',80,'La tourangelle 拉杜蓝乔 纯核桃油 569ml',8,'2016-12-9	11:03:42'),(1191,33,'ch***  ',1,'La tourangelle 拉杜蓝乔 纯核桃油 570ml',8,'2016-12-13	1:37:56'),(1192,4,'任淑***  ',2,'La tourangelle 拉杜蓝乔 纯核桃油 571ml',8,'2016-11-29	2:25:42'),(1193,33,'ch***  ',1,'La tourangelle 拉杜蓝乔 纯核桃油 572ml',8,'2016-12-6	0:40:18'),(1194,67,'he***  ',1,'La tourangelle 拉杜蓝乔 纯核桃油 573ml',8,'2016-12-5	12:00:15'),(1195,73,'zh***  ',2,'La tourangelle 拉杜蓝乔 纯核桃油 574ml',8,'2016-12-3	14:51:17'),(1196,33,'ch***  ',3,'La tourangelle 拉杜蓝乔 纯核桃油 575ml',8,'2016-12-3	9:58:01'),(1197,33,'ch***  ',1,'La tourangelle 拉杜蓝乔 纯核桃油 576ml',8,'2016-12-3	2:35:44'),(1198,73,'zh***  ',1,'La tourangelle 拉杜蓝乔 纯核桃油 577ml',8,'2016-12-1	14:40:03'),(1199,73,'zh***  ',2,'La tourangelle 拉杜蓝乔 纯核桃油 578ml',8,'2016-12-2	1:55:24'),(1200,80,'me***  ',1,'La tourangelle 拉杜蓝乔 纯核桃油 579ml',8,'2016-12-2	2:25:21'),(1201,4,'任淑***  ',2,'La tourangelle 拉杜蓝乔 纯核桃油 580ml',8,'2016-11-29	2:25:42'),(1202,73,'zh***  ',1,'La tourangelle 拉杜蓝乔 纯核桃油 581ml',8,'2016-11-28	23:56:27'),(1203,63,'ca***  ',2,'La tourangelle 拉杜蓝乔 纯核桃油 582ml',8,'2016-11-23	11:35:05'),(1204,52,'li***  ',2,'La tourangelle 拉杜蓝乔 纯核桃油 583ml',8,'2016-11-24	0:46:31'),(1205,20,'零售***  ',1,'La tourangelle 拉杜蓝乔 纯核桃油 584ml',8,'2016-11-23	3:05:50'),(1206,51,'ti***  ',10,'La tourangelle 拉杜蓝乔 纯核桃油 585ml',8,'2016-11-20	18:51:07'),(1207,60,'le***  ',2,'La tourangelle 拉杜蓝乔 纯核桃油 586ml',8,'2016-11-17	11:58:45'),(1208,63,'ca***  ',4,'La tourangelle 拉杜蓝乔 纯核桃油 587ml',8,'2016-11-18	21:59:06'),(1209,34,'ry***  ',1,'La tourangelle 拉杜蓝乔 纯核桃油 588ml',8,'2016-11-17	23:04:56'),(1210,73,'zh***  ',2,'La tourangelle 拉杜蓝乔 纯核桃油 589ml',8,'2016-11-11	1:30:25'),(1211,73,'zh***  ',2,'La tourangelle 拉杜蓝乔 纯核桃油 590ml',8,'2016-11-12	23:51:13'),(1212,73,'zh***  ',1,'La tourangelle 拉杜蓝乔 纯核桃油 591ml',8,'2016-11-11	15:55:45'),(1213,30,'初级***  ',1,'La tourangelle 拉杜蓝乔 纯核桃油 592ml',8,'2016-11-12	9:18:46'),(1214,52,'li***  ',1,'La tourangelle 拉杜蓝乔 纯核桃油 593ml',8,'2016-11-10	0:12:31'),(1215,73,'zh***  ',2,'La tourangelle 拉杜蓝乔 纯核桃油 594ml',8,'2016-11-11	1:30:25'),(1216,51,'ti***  ',6,'La tourangelle 拉杜蓝乔 纯核桃油 595ml',8,'2016-11-2	10:17:16'),(1217,73,'zh***  ',2,'La tourangelle 拉杜蓝乔 纯核桃油 596ml',8,'2016-11-3	23:47:40'),(1218,63,'ca***  ',2,'La tourangelle 拉杜蓝乔 纯核桃油 597ml',8,'2016-10-31	19:53:47'),(1219,73,'zh***  ',1,'La tourangelle 拉杜蓝乔 纯核桃油 598ml',8,'2016-10-31	0:21:36'),(1220,43,'hs***  ',15,'La tourangelle 拉杜蓝乔 纯核桃油 599ml',8,'2016-10-25	12:43:17'),(1221,73,'zh***  ',2,'La tourangelle 拉杜蓝乔 纯核桃油 600ml',8,'2016-10-25	23:26:51'),(1222,2,'朱崽***  ',9,'La tourangelle 拉杜蓝乔 纯核桃油 601ml',8,'2016-10-12	11:09:32'),(1223,2,'朱崽***  ',9,'La tourangelle 拉杜蓝乔 纯核桃油 602ml',8,'2016-10-12	11:09:32'),(1224,38,'思思***  ',6,'La tourangelle 拉杜蓝乔 纯核桃油 603ml',8,'2016-10-18	4:58:43'),(1225,52,'li***  ',1,'La tourangelle 拉杜蓝乔 纯核桃油 604ml',8,'2016-10-10	23:20:55'),(1226,52,'li***  ',2,'La tourangelle 拉杜蓝乔 纯核桃油 605ml',8,'2016-10-10	22:55:28'),(1227,63,'ca***  ',1,'La tourangelle 拉杜蓝乔 纯核桃油 606ml',8,'2016-10-9	21:04:08'),(1228,18,'vi***  ',1,'La tourangelle 拉杜蓝乔 纯核桃油 607ml',8,'2016-10-7	4:13:16'),(1229,30,'初级***  ',12,'La tourangelle 拉杜蓝乔 纯核桃油 608ml',8,'2016-10-4	5:37:23'),(1230,73,'zh***  ',2,'La tourangelle 拉杜蓝乔 纯核桃油 609ml',8,'2016-9-29	23:03:19'),(1231,20,'零售***  ',1,'La tourangelle 拉杜蓝乔 纯核桃油 610ml',8,'2016-10-1	4:03:27'),(1232,21,'高级***  ',12,'La tourangelle 拉杜蓝乔 纯核桃油 611ml',8,'2016-9-30	2:40:41'),(1233,16,'中级***  ',2,'La tourangelle 拉杜蓝乔 纯核桃油 612ml',8,'2016-9-27	7:19:48'),(1234,20,'零售***  ',1,'La tourangelle 拉杜蓝乔 纯核桃油 613ml',8,'2016-9-27	8:26:13'),(1235,64,'bo***  ',1,'La tourangelle 拉杜蓝乔 纯核桃油 614ml',8,'2016-9-27	6:09:06'),(1236,4,'任淑***  ',2,'La tourangelle 拉杜蓝乔 纯核桃油 615ml',8,'2016-9-20	1:24:20'),(1237,34,'ry***  ',1,'La tourangelle 拉杜蓝乔 纯核桃油 616ml',8,'2016-9-22	19:08:01'),(1238,40,'62***  ',8,'La tourangelle 拉杜蓝乔 纯核桃油 617ml',8,'2016-9-22	5:45:15'),(1239,4,'任淑***  ',2,'La tourangelle 拉杜蓝乔 纯核桃油 618ml',8,'2016-9-20	1:24:20'),(1240,34,'ry***  ',1,'La tourangelle 拉杜蓝乔 纯核桃油 619ml',8,'2016-9-17	0:49:27'),(1241,73,'zh***  ',1,'La tourangelle 拉杜蓝乔 纯核桃油 620ml',8,'2016-9-15	13:09:23'),(1242,64,'bo***  ',10,'La tourangelle 拉杜蓝乔 纯核桃油 621ml',8,'2016-9-16	3:35:40'),(1243,73,'zh***  ',1,'La tourangelle 拉杜蓝乔 纯核桃油 622ml',8,'2016-9-14	2:51:54'),(1244,73,'zh***  ',1,'La tourangelle 拉杜蓝乔 纯核桃油 623ml',8,'2016-9-11	18:19:45'),(1245,18,'vi***  ',2,'La tourangelle 拉杜蓝乔 纯核桃油 624ml',8,'2016-9-10	0:36:24'),(1246,18,'vi***  ',1,'La tourangelle 拉杜蓝乔 纯核桃油 625ml',8,'2016-9-6	12:52:29'),(1247,73,'zh***  ',1,'La tourangelle 拉杜蓝乔 纯核桃油 626ml',8,'2016-9-4	23:08:39'),(1248,52,'li***  ',1,'La tourangelle 拉杜蓝乔 纯核桃油 627ml',8,'2016-9-6	23:06:51'),(1249,61,'qq***  ',1,'La tourangelle 拉杜蓝乔 纯核桃油 628ml',8,'2016-9-7	1:47:00'),(1250,18,'vi***  ',1,'La tourangelle 拉杜蓝乔 纯核桃油 629ml',8,'2016-8-31	22:31:35'),(1251,51,'ti***  ',6,'La tourangelle 拉杜蓝乔 纯核桃油 630ml',8,'2016-8-30	17:21:45'),(1252,43,'hs***  ',5,'La tourangelle 拉杜蓝乔 纯核桃油 631ml',8,'2016-8-26	22:47:10'),(1253,73,'zh***  ',1,'La tourangelle 拉杜蓝乔 纯核桃油 632ml',8,'2016-8-30	15:27:45'),(1254,73,'zh***  ',2,'La tourangelle 拉杜蓝乔 纯核桃油 633ml',8,'2016-8-28	23:21:53'),(1255,43,'hs***  ',5,'La tourangelle 拉杜蓝乔 纯核桃油 634ml',8,'2016-8-26	22:47:10'),(1256,35,'fe***  ',6,'La tourangelle 拉杜蓝乔 纯核桃油 635ml',8,'2016-8-18	16:19:27'),(1257,34,'ry***  ',1,'La tourangelle 拉杜蓝乔 纯核桃油 636ml',8,'2016-8-22	23:49:48'),(1258,35,'fe***  ',6,'La tourangelle 拉杜蓝乔 纯核桃油 637ml',8,'2016-8-18	16:19:27'),(1259,34,'ry***  ',1,'La tourangelle 拉杜蓝乔 纯核桃油 638ml',8,'2016-8-17	11:40:45'),(1260,78,'jo***  ',1,'La tourangelle 拉杜蓝乔 纯核桃油 639ml',8,'2016-8-16	14:14:16'),(1261,63,'ca***  ',1,'La tourangelle 拉杜蓝乔 纯核桃油 640ml',8,'2016-8-16	20:26:39'),(1262,73,'zh***  ',1,'La tourangelle 拉杜蓝乔 纯核桃油 641ml',8,'2016-8-12	15:40:20'),(1263,30,'初级***  ',1,'La tourangelle 拉杜蓝乔 纯核桃油 642ml',8,'2016-8-13	1:33:12'),(1264,12,'gr***  ',6,'La tourangelle 拉杜蓝乔 纯核桃油 643ml',8,'2016-8-6	10:13:57'),(1265,34,'ry***  ',1,'La tourangelle 拉杜蓝乔 纯核桃油 644ml',8,'2016-8-8	19:22:43'),(1266,45,'丁健  ',6,'La tourangelle 拉杜蓝乔 纯核桃油 645ml',8,'2016-8-4	0:16:44'),(1267,50,'莫小***  ',40,'La tourangelle 拉杜蓝乔 纯核桃油 646ml',8,'2016-7-25	22:48:28'),(1268,64,'bo***  ',3,'La tourangelle 拉杜蓝乔 纯核桃油 647ml',8,'2016-8-4	1:38:47'),(1269,18,'vi***  ',2,'La tourangelle 拉杜蓝乔 纯核桃油 648ml',8,'2016-7-27	10:46:11'),(1270,60,'le***  ',8,'La tourangelle 拉杜蓝乔 纯核桃油 649ml',8,'2016-7-26	12:37:50'),(1271,50,'莫小***  ',40,'La tourangelle 拉杜蓝乔 纯核桃油 650ml',8,'2016-7-25	22:48:28'),(1272,58,'yy***  ',10,'La tourangelle 拉杜蓝乔 纯核桃油 651ml',8,'2016-7-23	16:05:55'),(1273,50,'莫小***  ',40,'La tourangelle 拉杜蓝乔 纯核桃油 652ml',8,'2016-7-25	22:48:28'),(1274,58,'yy***  ',8,'La tourangelle 拉杜蓝乔 纯核桃油 653ml',8,'2016-7-8	23:27:20'),(1275,2,'朱崽***  ',16,'La tourangelle 拉杜蓝乔 纯核桃油 654ml',8,'2016-7-11	1:05:11'),(1276,34,'ry***  ',1,'La tourangelle 拉杜蓝乔 纯核桃油 655ml',8,'2016-7-9	18:28:59'),(1277,58,'yy***  ',8,'La tourangelle 拉杜蓝乔 纯核桃油 656ml',8,'2016-7-8	23:27:20'),(1278,50,'莫小***  ',12,'La tourangelle 拉杜蓝乔 纯核桃油 657ml',8,'2016-7-4	22:20:07'),(1279,18,'vi***  ',1,'La tourangelle 拉杜蓝乔 纯核桃油 658ml',8,'2016-6-28	17:09:29'),(1280,64,'bo***  ',2,'La tourangelle 拉杜蓝乔 纯核桃油 659ml',8,'2016-6-28	8:20:37'),(1281,64,'bo***  ',1,'La tourangelle 拉杜蓝乔 纯核桃油 660ml',8,'2016-6-28	2:42:24'),(1282,64,'bo***  ',1,'La tourangelle 拉杜蓝乔 纯核桃油 661ml',8,'2016-6-14	8:51:36'),(1283,60,'le***  ',7,'La tourangelle 拉杜蓝乔 纯核桃油 662ml',8,'2016-6-10	9:43:51'),(1284,64,'bo***  ',10,'La tourangelle 拉杜蓝乔 纯核桃油 663ml',8,'2016-5-18	6:31:11'),(1285,12,'gr***  ',5,'La tourangelle 拉杜蓝乔 纯核桃油 664ml',8,'2016-5-16	8:43:00'),(1286,12,'gr***  ',5,'La tourangelle 拉杜蓝乔 纯核桃油 665ml',8,'2016-5-6	23:06:27'),(1287,64,'bo***  ',2,'La tourangelle 拉杜蓝乔 纯核桃油 666ml',8,'2016-5-6	2:06:47'),(1288,73,'zh***  ',2,'La tourangelle 拉杜蓝乔 纯核桃油 667ml',8,'2016-4-29	22:33:14'),(1289,58,'yy***  ',3,'La tourangelle 拉杜蓝乔 纯核桃油 668ml',8,'2016-4-30	9:24:05'),(1290,58,'yy***  ',3,'La tourangelle 拉杜蓝乔 纯核桃油 669ml',8,'2016-4-30	9:24:05'),(1291,63,'ca***  ',3,'La tourangelle 拉杜蓝乔 纯核桃油 670ml',8,'2016-4-26	20:45:39'),(1292,64,'bo***  ',2,'La tourangelle 拉杜蓝乔 纯核桃油 671ml',8,'2016-4-27	0:51:47'),(1293,47,'18***  ',1,'La tourangelle 拉杜蓝乔 纯核桃油 672ml',8,'2016-4-18	10:37:10'),(1294,64,'bo***  ',6,'La tourangelle 拉杜蓝乔 纯核桃油 673ml',8,'2016-4-22	8:15:42'),(1295,51,'ti***  ',12,'La tourangelle 拉杜蓝乔 纯核桃油 674ml',8,'2016-4-22	18:01:55'),(1296,12,'gr***  ',5,'La tourangelle 拉杜蓝乔 纯核桃油 675ml',8,'2016-4-20	1:00:28'),(1297,5,'hu***  ',1,'La tourangelle 拉杜蓝乔 纯核桃油 676ml',8,'2016-4-16	8:13:13'),(1298,58,'yy***  ',2,'La tourangelle 拉杜蓝乔 纯核桃油 677ml',8,'2016-4-12	0:34:15'),(1299,33,'ch***  ',5,'La tourangelle 拉杜蓝乔 纯核桃油 678ml',8,'2016-4-8	16:05:21'),(1300,64,'bo***  ',1,'La tourangelle 拉杜蓝乔 纯核桃油 679ml',8,'2016-4-6	5:24:10'),(1301,65,'ji***  ',2,'La tourangelle 拉杜蓝乔 纯核桃油 680ml',8,'2016-3-31	7:36:46'),(1302,51,'ti***  ',6,'La tourangelle 拉杜蓝乔 纯核桃油 681ml',8,'2016-3-26	10:44:24'),(1303,3,'哟哟***  ',2,'La tourangelle 拉杜蓝乔 纯核桃油 682ml',8,'2016-3-23	0:13:51'),(1304,61,'qq***  ',2,'La tourangelle 拉杜蓝乔 纯核桃油 683ml',8,'2016-3-15	19:56:23'),(1305,12,'gr***  ',3,'La tourangelle 拉杜蓝乔 纯核桃油 684ml',8,'2016-3-1	10:59:45'),(1306,30,'初级***  ',1,'La tourangelle 拉杜蓝乔 纯核桃油 685ml',8,'2016-3-8	10:12:31'),(1307,12,'gr***  ',3,'La tourangelle 拉杜蓝乔 纯核桃油 686ml',8,'2016-3-1	10:59:45'),(1308,60,'le***  ',4,'La tourangelle 拉杜蓝乔 纯核桃油 687ml',8,'2016-2-17	14:25:42'),(1309,75,'糖麻***  ',3,'La tourangelle 拉杜蓝乔 纯核桃油 688ml',8,'2016-2-14	15:41:26'),(1310,51,'ti***  ',12,'La tourangelle 拉杜蓝乔 纯核桃油 689ml',8,'2016-2-11	16:07:47'),(1311,12,'gr***  ',1,'La tourangelle 拉杜蓝乔 纯核桃油 690ml',8,'2016-2-12	21:50:30'),(1312,60,'le***  ',4,'La tourangelle 拉杜蓝乔 纯核桃油 691ml',8,'2016-2-13	1:12:11'),(1313,12,'gr***  ',2,'La tourangelle 拉杜蓝乔 纯核桃油 692ml',8,'2016-1-23	13:13:45'),(1314,47,'18***  ',1,'La tourangelle 拉杜蓝乔 纯核桃油 693ml',8,'2016-1-18	11:02:36'),(1315,63,'ca***  ',6,'La tourangelle 拉杜蓝乔 纯核桃油 694ml',8,'2016-1-15	12:47:54'),(1316,36,'fi***  ',3,'La tourangelle 拉杜蓝乔 纯核桃油 695ml',8,'2016-1-9	23:13:52'),(1317,76,'彤彤***  ',6,'La tourangelle 拉杜蓝乔 纯核桃油 696ml',8,'2016-1-12	13:35:55'),(1318,55,'bl***  ',6,'La tourangelle 拉杜蓝乔 纯核桃油 697ml',8,'2016-1-6	13:07:14'),(1319,63,'ca***  ',5,'La tourangelle 拉杜蓝乔 纯核桃油 698ml',8,'2016-1-8	19:20:52'),(1320,27,'ka***  ',1,'La tourangelle 拉杜蓝乔 纯核桃油 699ml',8,'2016-1-9	3:10:17'),(1321,63,'ca***  ',6,'La tourangelle 拉杜蓝乔 纯核桃油 700ml',8,'2016-1-5	0:15:32'),(1322,63,'ca***  ',3,'La tourangelle 拉杜蓝乔 纯核桃油 701ml',8,'2015-12-31	13:35:54'),(1323,63,'ca***  ',3,'La tourangelle 拉杜蓝乔 纯核桃油 702ml',8,'2015-12-22	13:06:47'),(1324,69,'姝s***  ',1,'La tourangelle 拉杜蓝乔 纯核桃油 703ml',8,'2015-12-8	14:24:42'),(1325,8,'快乐***  ',1,'La tourangelle 拉杜蓝乔 纯核桃油 704ml',8,'2015-12-7	1:37:14'),(1326,76,'彤彤***  ',4,'La tourangelle 拉杜蓝乔 纯核桃油 705ml',8,'2015-12-9	11:43:31'),(1327,76,'彤彤***  ',7,'La tourangelle 拉杜蓝乔 纯核桃油 706ml',8,'2015-12-5	20:47:08'),(1328,63,'ca***  ',2,'La tourangelle 拉杜蓝乔 纯核桃油 707ml',8,'2015-11-30	23:58:35'),(1329,1,'代下***  ',20,'La tourangelle 拉杜蓝乔 纯核桃油 708ml',8,'2015-12-2	3:53:04'),(1330,51,'ti***  ',6,'La tourangelle 拉杜蓝乔 纯核桃油 709ml',8,'2015-11-20	15:46:37'),(1331,63,'ca***  ',7,'La tourangelle 拉杜蓝乔 纯核桃油 710ml',8,'2015-11-19	23:59:04'),(1332,62,'ro***  ',2,'La tourangelle 拉杜蓝乔 纯核桃油 711ml',8,'2015-11-22	2:21:49'),(1333,51,' ti*** ',6,'Little remedies 儿童止咳棒棒糖 10 pops',9,'2017-4-24	11:35:50'),(1334,31,' 99*** ',4,'Little remedies 儿童止咳棒棒糖 11 pops',9,'2017-4-18	8:48:54'),(1335,72,' 大米 ',2,'Little remedies 儿童止咳棒棒糖 12 pops',9,'2017-4-12	21:59:14'),(1336,33,' ch*** ',2,'Little remedies 儿童止咳棒棒糖 13 pops',9,'2017-4-9	23:26:12'),(1337,72,' 大米 ',1,'Little remedies 儿童止咳棒棒糖 14 pops',9,'2017-3-21	21:45:44'),(1338,80,' me*** ',3,'Little remedies 儿童止咳棒棒糖 15 pops',9,'2017-3-17	6:58:11'),(1339,76,' 彤彤*** ',15,'Little remedies 儿童止咳棒棒糖 16 pops',9,'2017-3-19	9:32:53'),(1340,46,' 彩云 ',3,'Little remedies 儿童止咳棒棒糖 17 pops',9,'2017-3-17	10:18:41'),(1341,73,' zh*** ',1,'Little remedies 儿童止咳棒棒糖 18 pops',9,'2017-3-17	1:32:09'),(1342,4,' 任淑*** ',9,'Little remedies 儿童止咳棒棒糖 19 pops',9,'2017-3-9	2:40:30'),(1343,2,' 朱崽*** ',20,'Little remedies 儿童止咳棒棒糖 20 pops',9,'2017-2-23	16:27:20'),(1344,74,' tr*** ',2,'Little remedies 儿童止咳棒棒糖 21 pops',9,'2017-2-24	13:33:25'),(1345,69,' 姝s*** ',5,'Little remedies 儿童止咳棒棒糖 22 pops',9,'2017-2-23	20:28:08'),(1346,47,' 18*** ',5,'Little remedies 儿童止咳棒棒糖 23 pops',9,'2017-2-22	18:17:44'),(1347,41,' 13*** ',2,'Little remedies 儿童止咳棒棒糖 24 pops',9,'2017-2-19	16:12:11'),(1348,22,' sl*** ',4,'Little remedies 儿童止咳棒棒糖 25 pops',9,'2017-2-23	7:20:30'),(1349,11,' 15*** ',1,'Little remedies 儿童止咳棒棒糖 26 pops',9,'2017-2-19	0:06:45'),(1350,41,' 13*** ',10,'Little remedies 儿童止咳棒棒糖 27 pops',9,'2017-2-20	5:27:26'),(1351,21,' 高级*** ',2,'Little remedies 儿童止咳棒棒糖 28 pops',9,'2017-2-18	2:32:02'),(1352,41,' 13*** ',2,'Little remedies 儿童止咳棒棒糖 29 pops',9,'2017-2-19	16:12:11'),(1353,51,'ti***  ',6,'Little remedies 儿童止咳棒棒糖 30 pops',9,'2017-4-24	11:35:50'),(1354,31,'99***  ',4,'Little remedies 儿童止咳棒棒糖 31 pops',9,'2017-4-18	8:48:54'),(1355,72,'大米  ',2,'Little remedies 儿童止咳棒棒糖 32 pops',9,'2017-4-12	21:59:14'),(1356,33,'ch***  ',2,'Little remedies 儿童止咳棒棒糖 33 pops',9,'2017-4-9	23:26:12'),(1357,72,'大米  ',1,'Little remedies 儿童止咳棒棒糖 34 pops',9,'2017-3-21	21:45:44'),(1358,80,'me***  ',3,'Little remedies 儿童止咳棒棒糖 35 pops',9,'2017-3-17	6:58:11'),(1359,76,'彤彤***  ',15,'Little remedies 儿童止咳棒棒糖 36 pops',9,'2017-3-19	9:32:53'),(1360,46,'彩云  ',3,'Little remedies 儿童止咳棒棒糖 37 pops',9,'2017-3-17	10:18:41'),(1361,73,'zh***  ',1,'Little remedies 儿童止咳棒棒糖 38 pops',9,'2017-3-17	1:32:09'),(1362,4,'任淑***  ',9,'Little remedies 儿童止咳棒棒糖 39 pops',9,'2017-3-9	2:40:30'),(1363,2,'朱崽***  ',20,'Little remedies 儿童止咳棒棒糖 40 pops',9,'2017-2-23	16:27:20'),(1364,74,'tr***  ',2,'Little remedies 儿童止咳棒棒糖 41 pops',9,'2017-2-24	13:33:25'),(1365,69,'姝s***  ',5,'Little remedies 儿童止咳棒棒糖 42 pops',9,'2017-2-23	20:28:08'),(1366,47,'18***  ',5,'Little remedies 儿童止咳棒棒糖 43 pops',9,'2017-2-22	18:17:44'),(1367,41,'13***  ',2,'Little remedies 儿童止咳棒棒糖 44 pops',9,'2017-2-19	16:12:11'),(1368,22,'sl***  ',4,'Little remedies 儿童止咳棒棒糖 45 pops',9,'2017-2-23	7:20:30'),(1369,11,'15***  ',1,'Little remedies 儿童止咳棒棒糖 46 pops',9,'2017-2-19	0:06:45'),(1370,41,'13***  ',10,'Little remedies 儿童止咳棒棒糖 47 pops',9,'2017-2-20	5:27:26'),(1371,21,'高级***  ',2,'Little remedies 儿童止咳棒棒糖 48 pops',9,'2017-2-18	2:32:02'),(1372,41,'13***  ',2,'Little remedies 儿童止咳棒棒糖 49 pops',9,'2017-2-19	16:12:11'),(1373,33,'ch***  ',1,'Little remedies 儿童止咳棒棒糖 50 pops',9,'2017-2-15	22:53:11'),(1374,33,'ch***  ',1,'Little remedies 儿童止咳棒棒糖 51 pops',9,'2017-2-14	0:25:22'),(1375,22,'sl***  ',2,'Little remedies 儿童止咳棒棒糖 52 pops',9,'2017-2-9	8:37:57'),(1376,26,'小阿***  ',5,'Little remedies 儿童止咳棒棒糖 53 pops',9,'2017-2-4	14:56:17'),(1377,38,'思思***  ',1,'Little remedies 儿童止咳棒棒糖 54 pops',9,'2017-2-10	4:17:44'),(1378,62,'ro***  ',1,'Little remedies 儿童止咳棒棒糖 55 pops',9,'2017-2-7	22:47:35'),(1379,26,'小阿***  ',5,'Little remedies 儿童止咳棒棒糖 56 pops',9,'2017-2-4	14:56:17'),(1380,22,'sl***  ',5,'Little remedies 儿童止咳棒棒糖 57 pops',9,'2017-1-12	7:04:39'),(1381,51,'ti***  ',6,'Little remedies 儿童止咳棒棒糖 58 pops',9,'2017-1-4	17:46:31'),(1382,33,'ch***  ',1,'Little remedies 儿童止咳棒棒糖 59 pops',9,'2017-1-6	3:13:46'),(1383,51,'ti***  ',6,'Little remedies 儿童止咳棒棒糖 60 pops',9,'2017-1-4	17:46:31'),(1384,4,'任淑***  ',6,'Little remedies 儿童止咳棒棒糖 61 pops',9,'2017-1-5	3:14:18'),(1385,11,'15***  ',24,'Little remedies 儿童止咳棒棒糖 62 pops',9,'2016-12-30	16:10:08'),(1386,33,'ch***  ',1,'Little remedies 儿童止咳棒棒糖 63 pops',9,'2017-1-4	2:53:11'),(1387,33,'ch***  ',1,'Little remedies 儿童止咳棒棒糖 64 pops',9,'2016-12-30	1:12:43'),(1388,33,'ch***  ',5,'Little remedies 儿童止咳棒棒糖 65 pops',9,'2016-12-26	10:11:54'),(1389,31,'99***  ',1,'Little remedies 儿童止咳棒棒糖 66 pops',9,'2016-12-27	0:53:38'),(1390,61,'qq***  ',5,'Little remedies 儿童止咳棒棒糖 67 pops',9,'2016-12-17	20:49:44'),(1391,61,'qq***  ',5,'Little remedies 儿童止咳棒棒糖 68 pops',9,'2016-12-17	20:49:44'),(1392,76,'彤彤***  ',6,'Little remedies 儿童止咳棒棒糖 69 pops',9,'2016-12-12	11:11:14'),(1393,2,'朱崽***  ',20,'Little remedies 儿童止咳棒棒糖 70 pops',9,'2016-12-15	22:55:22'),(1394,61,'qq***  ',5,'Little remedies 儿童止咳棒棒糖 71 pops',9,'2016-12-17	20:49:44'),(1395,30,'初级***  ',18,'Little remedies 儿童止咳棒棒糖 72 pops',9,'2016-11-30	7:38:14'),(1396,72,'大米  ',1,'Little remedies 儿童止咳棒棒糖 73 pops',9,'2016-11-30	11:02:22'),(1397,33,'ch***  ',1,'Little remedies 儿童止咳棒棒糖 74 pops',9,'2016-11-28	1:31:11'),(1398,33,'ch***  ',20,'Little remedies 儿童止咳棒棒糖 75 pops',9,'2016-11-28	16:49:26'),(1399,62,'ro***  ',1,'Little remedies 儿童止咳棒棒糖 76 pops',9,'2016-11-23	1:58:45'),(1400,62,'ro***  ',1,'Little remedies 儿童止咳棒棒糖 77 pops',9,'2016-11-23	1:58:45'),(1401,30,'初级***  ',3,'Little remedies 儿童止咳棒棒糖 78 pops',9,'2016-11-24	9:57:47'),(1402,16,'中级***  ',1,'Little remedies 儿童止咳棒棒糖 79 pops',9,'2016-11-23	9:39:16'),(1403,33,'ch***  ',2,'Little remedies 儿童止咳棒棒糖 80 pops',9,'2016-11-22	23:38:29'),(1404,51,'ti***  ',10,'Little remedies 儿童止咳棒棒糖 81 pops',9,'2016-11-20	18:51:07'),(1405,31,'99***  ',5,'Little remedies 儿童止咳棒棒糖 82 pops',9,'2016-11-19	4:45:00'),(1406,20,'零售***  ',1,'Little remedies 儿童止咳棒棒糖 83 pops',9,'2016-11-18	5:56:56'),(1407,20,'零售***  ',2,'Little remedies 儿童止咳棒棒糖 84 pops',9,'2016-11-12	7:54:53'),(1408,34,'ry***  ',1,'Little remedies 儿童止咳棒棒糖 85 pops',9,'2016-11-8	0:36:02'),(1409,30,'初级***  ',2,'Little remedies 儿童止咳棒棒糖 86 pops',9,'2016-11-8	6:43:06'),(1410,51,'ti***  ',10,'Little remedies 儿童止咳棒棒糖 87 pops',9,'2016-11-2	10:17:16'),(1411,72,'大米  ',1,'Little remedies 儿童止咳棒棒糖 88 pops',9,'2016-10-26	21:38:53'),(1412,72,'大米  ',1,'Little remedies 儿童止咳棒棒糖 89 pops',9,'2016-10-26	21:38:53'),(1413,4,'任淑***  ',12,'Little remedies 儿童止咳棒棒糖 90 pops',9,'2016-10-28	15:48:29'),(1414,76,'彤彤***  ',6,'Little remedies 儿童止咳棒棒糖 91 pops',9,'2016-10-19	22:27:36'),(1415,76,'彤彤***  ',6,'Little remedies 儿童止咳棒棒糖 92 pops',9,'2016-10-19	22:27:36'),(1416,76,'彤彤***  ',5,'Little remedies 儿童止咳棒棒糖 93 pops',9,'2016-10-13	13:25:17'),(1417,52,'li***  ',1,'Little remedies 儿童止咳棒棒糖 94 pops',9,'2016-10-14	19:51:02'),(1418,21,'高级***  ',6,'Little remedies 儿童止咳棒棒糖 95 pops',9,'2016-10-15	4:30:54'),(1419,52,'li***  ',1,'Little remedies 儿童止咳棒棒糖 96 pops',9,'2016-10-14	19:51:02'),(1420,22,'sl***  ',6,'Little remedies 儿童止咳棒棒糖 97 pops',9,'2016-10-13	3:20:46'),(1421,53,'甜心***  ',24,'Little remedies 儿童止咳棒棒糖 98 pops',9,'2016-10-6	4:40:31'),(1422,20,'零售***  ',2,'Little remedies 儿童止咳棒棒糖 99 pops',9,'2016-9-27	8:26:13'),(1423,4,'任淑***  ',3,'Little remedies 儿童止咳棒棒糖 100 pops',9,'2016-9-20	1:24:20'),(1424,4,'任淑***  ',3,'Little remedies 儿童止咳棒棒糖 101 pops',9,'2016-9-20	1:24:20'),(1425,22,'sl***  ',3,'Little remedies 儿童止咳棒棒糖 102 pops',9,'2016-9-10	1:01:26'),(1426,39,'we***  ',2,'Little remedies 儿童止咳棒棒糖 103 pops',9,'2016-9-10	1:06:34'),(1427,16,'中级***  ',6,'Little remedies 儿童止咳棒棒糖 104 pops',9,'2016-9-7	7:18:15'),(1428,7,'er***  ',2,'Little remedies 儿童止咳棒棒糖 105 pops',9,'2016-9-5	6:00:20'),(1429,64,'bo***  ',1,'Little remedies 儿童止咳棒棒糖 106 pops',9,'2016-9-3	2:33:20'),(1430,45,'丁健  ',21,'Little remedies 儿童止咳棒棒糖 107 pops',9,'2016-8-28	14:09:04'),(1431,10,'sa***  ',2,'Little remedies 儿童止咳棒棒糖 108 pops',9,'2016-8-26	0:22:15'),(1432,45,'丁健  ',21,'Little remedies 儿童止咳棒棒糖 109 pops',9,'2016-8-28	14:09:04'),(1433,33,'ch***  ',4,'Little remedies 儿童止咳棒棒糖 110 pops',9,'2016-8-27	23:38:42'),(1434,4,'任淑***  ',3,'Little remedies 儿童止咳棒棒糖 111 pops',9,'2016-8-18	0:40:14'),(1435,64,'bo***  ',3,'Little remedies 儿童止咳棒棒糖 112 pops',9,'2016-8-17	6:00:03'),(1436,10,'sa***  ',2,'Little remedies 儿童止咳棒棒糖 113 pops',9,'2016-8-9	4:09:00'),(1437,45,'丁健  ',12,'Little remedies 儿童止咳棒棒糖 114 pops',9,'2016-8-4	0:16:44'),(1438,10,'sa***  ',2,'Little remedies 儿童止咳棒棒糖 115 pops',9,'2016-8-4	3:13:33'),(1439,18,'vi***  ',1,'Little remedies 儿童止咳棒棒糖 116 pops',9,'2016-7-27	10:46:11'),(1440,4,'任淑***  ',3,'Little remedies 儿童止咳棒棒糖 117 pops',9,'2016-7-28	0:49:26'),(1441,64,'bo***  ',3,'Little remedies 儿童止咳棒棒糖 118 pops',9,'2016-7-15	7:37:40'),(1442,73,'zh***  ',1,'Little remedies 儿童止咳棒棒糖 119 pops',9,'2016-7-12	18:12:56'),(1443,78,'jo***  ',2,'Little remedies 儿童止咳棒棒糖 120 pops',9,'2016-7-8	13:53:33'),(1444,4,'任淑***  ',3,'Little remedies 儿童止咳棒棒糖 121 pops',9,'2016-7-1	1:18:06'),(1445,60,'le***  ',4,'Little remedies 儿童止咳棒棒糖 122 pops',9,'2016-6-5	12:43:33'),(1446,46,'彩云  ',6,'Little remedies 儿童止咳棒棒糖 123 pops',9,'2016-6-6	22:07:14'),(1447,22,'sl***  ',3,'Little remedies 儿童止咳棒棒糖 124 pops',9,'2016-6-3	4:52:34'),(1448,34,'ry***  ',1,'Little remedies 儿童止咳棒棒糖 125 pops',9,'2016-5-27	1:06:36'),(1449,30,'初级***  ',12,'Little remedies 儿童止咳棒棒糖 126 pops',9,'2016-5-27	8:05:57'),(1450,4,'任淑***  ',6,'Little remedies 儿童止咳棒棒糖 127 pops',9,'2016-5-25	2:37:06'),(1451,4,'任淑***  ',6,'Little remedies 儿童止咳棒棒糖 128 pops',9,'2016-5-25	2:37:06'),(1452,16,'中级***  ',2,'Little remedies 儿童止咳棒棒糖 129 pops',9,'2016-5-24	7:24:49'),(1453,64,'bo***  ',1,'Little remedies 儿童止咳棒棒糖 130 pops',9,'2016-5-20	3:59:36'),(1454,64,'bo***  ',10,'Little remedies 儿童止咳棒棒糖 131 pops',9,'2016-5-18	6:31:11'),(1455,64,'bo***  ',1,'Little remedies 儿童止咳棒棒糖 132 pops',9,'2016-5-17	4:00:28'),(1456,72,'大米  ',2,'Little remedies 儿童止咳棒棒糖 133 pops',9,'2016-5-13	11:08:11'),(1457,64,'bo***  ',30,'Little remedies 儿童止咳棒棒糖 134 pops',9,'2016-5-14	5:40:38'),(1458,64,'bo***  ',1,'Little remedies 儿童止咳棒棒糖 135 pops',9,'2016-5-6	3:03:23'),(1459,58,'yy***  ',1,'Little remedies 儿童止咳棒棒糖 136 pops',9,'2016-4-30	9:24:05'),(1460,58,'yy***  ',1,'Little remedies 儿童止咳棒棒糖 137 pops',9,'2016-4-30	9:24:05'),(1461,34,'ry***  ',2,'Little remedies 儿童止咳棒棒糖 138 pops',9,'2016-4-27	12:43:30'),(1462,69,'姝s***  ',3,'Little remedies 儿童止咳棒棒糖 139 pops',9,'2016-4-27	12:33:40'),(1463,34,'ry***  ',1,'Little remedies 儿童止咳棒棒糖 140 pops',9,'2016-4-27	0:15:13'),(1464,34,'ry***  ',1,'Little remedies 儿童止咳棒棒糖 141 pops',9,'2016-4-27	0:09:57'),(1465,64,'bo***  ',3,'Little remedies 儿童止咳棒棒糖 142 pops',9,'2016-4-26	7:38:42'),(1466,54,'糖糖***  ',3,'Little remedies 儿童止咳棒棒糖 143 pops',9,'2016-4-18	15:21:27'),(1467,69,'姝s***  ',2,'Little remedies 儿童止咳棒棒糖 144 pops',9,'2016-4-17	16:50:13'),(1468,4,'任淑***  ',3,'Little remedies 儿童止咳棒棒糖 145 pops',9,'2016-4-20	22:03:01'),(1469,64,'bo***  ',12,'Little remedies 儿童止咳棒棒糖 146 pops',9,'2016-4-21	6:11:11'),(1470,34,'ry***  ',1,'Little remedies 儿童止咳棒棒糖 147 pops',9,'2016-4-3	1:12:57'),(1471,64,'bo***  ',9,'Little remedies 儿童止咳棒棒糖 148 pops',9,'2016-4-19	4:36:36'),(1472,26,'小阿***  ',10,'Little remedies 儿童止咳棒棒糖 149 pops',9,'2016-4-15	9:13:05'),(1473,22,'sl***  ',12,'Little remedies 儿童止咳棒棒糖 150 pops',9,'2016-4-14	23:50:48'),(1474,64,'bo***  ',3,'Little remedies 儿童止咳棒棒糖 151 pops',9,'2016-4-9	8:23:13'),(1475,51,'ti***  ',9,'Little remedies 儿童止咳棒棒糖 152 pops',9,'2016-4-6	16:03:15'),(1476,64,'bo***  ',5,'Little remedies 儿童止咳棒棒糖 153 pops',9,'2016-4-6	7:12:03'),(1477,44,'豆豆***  ',2,'Little remedies 儿童止咳棒棒糖 154 pops',9,'2016-3-31	16:41:02'),(1478,24,'暖颜  ',3,'Little remedies 儿童止咳棒棒糖 155 pops',9,'2016-3-31	8:21:25'),(1479,64,'bo***  ',1,'Little remedies 儿童止咳棒棒糖 156 pops',9,'2016-4-1	4:19:53'),(1480,47,'18***  ',2,'Little remedies 儿童止咳棒棒糖 157 pops',9,'2016-3-28	13:09:14'),(1481,42,'iv***  ',1,'Little remedies 儿童止咳棒棒糖 158 pops',9,'2016-3-29	8:17:24'),(1482,76,'彤彤***  ',10,'Little remedies 儿童止咳棒棒糖 159 pops',9,'2016-3-17	15:01:54'),(1483,62,'ro***  ',12,'Little remedies 儿童止咳棒棒糖 160 pops',9,'2016-3-17	15:10:21'),(1484,26,'小阿***  ',5,'Little remedies 儿童止咳棒棒糖 161 pops',9,'2016-3-17	9:12:00'),(1485,66,'yf***  ',1,'Little remedies 儿童止咳棒棒糖 162 pops',9,'2016-3-11	16:14:03'),(1486,66,'yf***  ',1,'Little remedies 儿童止咳棒棒糖 163 pops',9,'2016-3-11	16:14:03'),(1487,60,'le***  ',4,'Little remedies 儿童止咳棒棒糖 164 pops',9,'2016-3-15	8:02:24'),(1488,66,'yf***  ',1,'Little remedies 儿童止咳棒棒糖 165 pops',9,'2016-3-11	16:14:03'),(1489,60,'le***  ',2,'Little remedies 儿童止咳棒棒糖 166 pops',9,'2016-2-28	6:29:53'),(1490,73,'zh***  ',1,'Little remedies 儿童止咳棒棒糖 167 pops',9,'2016-3-2	16:14:20'),(1491,72,'大米  ',1,'Little remedies 儿童止咳棒棒糖 168 pops',9,'2016-2-26	15:39:54'),(1492,58,'yy***  ',10,'Little remedies 儿童止咳棒棒糖 169 pops',9,'2016-2-27	21:34:44'),(1493,3,'哟哟***  ',2,'Little remedies 儿童止咳棒棒糖 170 pops',9,'2016-2-26	10:56:26'),(1494,47,'18***  ',3,'Little remedies 儿童止咳棒棒糖 171 pops',9,'2016-2-18	11:27:14'),(1495,6,'zy  ',2,'Little remedies 儿童止咳棒棒糖 172 pops',9,'2016-2-17	13:07:21'),(1496,62,'ro***  ',3,'Little remedies 儿童止咳棒棒糖 173 pops',9,'2016-2-17	16:44:39'),(1497,51,'ti***  ',10,'Little remedies 儿童止咳棒棒糖 174 pops',9,'2016-2-11	16:07:47'),(1498,26,'小阿***  ',2,'Little remedies 儿童止咳棒棒糖 175 pops',9,'2016-2-13	11:59:20'),(1499,53,'甜心***  ',15,'Little remedies 儿童止咳棒棒糖 176 pops',9,'2016-1-22	13:27:18'),(1500,36,'fi***  ',1,'Little remedies 儿童止咳棒棒糖 177 pops',9,'2016-1-9	23:13:52'),(1501,76,'彤彤***  ',5,'Little remedies 儿童止咳棒棒糖 178 pops',9,'2016-1-12	13:35:55'),(1502,24,'暖颜  ',2,'Little remedies 儿童止咳棒棒糖 179 pops',9,'2016-1-5	23:54:15'),(1503,32,'李丽***  ',6,'Little remedies 儿童止咳棒棒糖 180 pops',9,'2015-12-28	20:06:14'),(1504,54,'糖糖***  ',5,'Little remedies 儿童止咳棒棒糖 181 pops',9,'2015-12-28	6:57:41'),(1505,58,'yy***  ',6,'Little remedies 儿童止咳棒棒糖 182 pops',9,'2015-12-24	12:31:15'),(1506,69,'姝s***  ',3,'Little remedies 儿童止咳棒棒糖 183 pops',9,'2015-12-8	14:24:42'),(1507,13,'aj***  ',5,'Little remedies 儿童止咳棒棒糖 184 pops',9,'2015-12-17	17:49:28'),(1508,62,'ro***  ',2,'Little remedies 儿童止咳棒棒糖 185 pops',9,'2015-12-18	23:59:41'),(1509,19,'ae***  ',5,'Little remedies 儿童止咳棒棒糖 186 pops',9,'2015-12-16	15:28:22'),(1510,8,'快乐***  ',8,'Little remedies 儿童止咳棒棒糖 187 pops',9,'2015-12-7	1:37:14'),(1511,24,'暖颜  ',1,'Little remedies 儿童止咳棒棒糖 188 pops',9,'2015-12-7	22:47:56'),(1512,35,'fe***  ',15,'Little remedies 儿童止咳棒棒糖 189 pops',9,'2015-12-8	10:48:58'),(1513,48,'辣辣  ',3,'Little remedies 儿童止咳棒棒糖 190 pops',9,'2015-11-28	14:11:27'),(1514,76,'彤彤***  ',7,'Little remedies 儿童止咳棒棒糖 191 pops',9,'2015-11-28	22:37:02'),(1515,13,'aj***  ',5,'Little remedies 儿童止咳棒棒糖 192 pops',9,'2015-11-28	22:15:50'),(1516,1,'代下***  ',1,'Little remedies 儿童止咳棒棒糖 193 pops',9,'2015-12-2	3:53:04'),(1517,47,'18***  ',2,'Little remedies 儿童止咳棒棒糖 194 pops',9,'2015-11-26	13:06:05'),(1518,53,'甜心***  ',3,'Little remedies 儿童止咳棒棒糖 195 pops',9,'2015-11-24	12:10:38'),(1519,51,'ti***  ',12,'Little remedies 儿童止咳棒棒糖 196 pops',9,'2015-11-20	15:46:37'),(1520,17,'郭美***  ',5,'Little remedies 儿童止咳棒棒糖 197 pops',9,'2015-11-20	14:10:39'),(1521,62,'ro***  ',3,'Little remedies 儿童止咳棒棒糖 198 pops',9,'2015-11-22	2:21:49'),(1522,73,' zh*** ',3,'Earth‘s best 地球最好三段混合谷物米粉',10,'2017-4-24	3:52:04'),(1523,9,' ke*** ',2,'Earth‘s best 地球最好三段混合谷物米粉',10,'2017-4-19	14:32:47'),(1524,73,' zh*** ',3,'Earth‘s best 地球最好三段混合谷物米粉',10,'2017-4-16	1:40:03'),(1525,52,' li*** ',4,'Earth‘s best 地球最好三段混合谷物米粉',10,'2017-4-11	22:39:28'),(1526,52,' li*** ',2,'Earth‘s best 地球最好三段混合谷物米粉',10,'2017-4-12	23:21:21'),(1527,73,' zh*** ',2,'Earth‘s best 地球最好三段混合谷物米粉',10,'2017-4-11	22:50:46'),(1528,51,' ti*** ',12,'Earth‘s best 地球最好三段混合谷物米粉',10,'2017-3-28	16:22:51'),(1529,41,' 13*** ',1,'Earth‘s best 地球最好三段混合谷物米粉',10,'2017-4-1	21:56:12'),(1530,73,' zh*** ',5,'Earth‘s best 地球最好三段混合谷物米粉',10,'2017-3-31	1:32:31'),(1531,12,' gr*** ',8,'Earth‘s best 地球最好三段混合谷物米粉',10,'2017-3-29	2:48:42'),(1532,47,' 18*** ',1,'Earth‘s best 地球最好三段混合谷物米粉',10,'2017-3-28	16:54:16'),(1533,42,' iv*** ',2,'Earth‘s best 地球最好三段混合谷物米粉',10,'2017-3-29	3:59:30'),(1534,73,' zh*** ',1,'Earth‘s best 地球最好三段混合谷物米粉',10,'2017-3-29	1:44:28'),(1535,45,' 丁健 ',12,'Earth‘s best 地球最好三段混合谷物米粉',10,'2017-3-24	18:53:25'),(1536,52,' li*** ',3,'Earth‘s best 地球最好三段混合谷物米粉',10,'2017-3-25	22:39:23'),(1537,45,' 丁健 ',12,'Earth‘s best 地球最好三段混合谷物米粉',10,'2017-3-24	18:53:25'),(1538,47,' 18*** ',1,'Earth‘s best 地球最好三段混合谷物米粉',10,'2017-3-23	14:59:37'),(1539,33,' ch*** ',2,'Earth‘s best 地球最好三段混合谷物米粉',10,'2017-3-20	22:26:17'),(1540,73,' zh*** ',3,'Earth‘s best 地球最好三段混合谷物米粉',10,'2017-3-20	16:28:38'),(1541,73,' zh*** ',2,'Earth‘s best 地球最好三段混合谷物米粉',10,'2017-3-20	21:36:44'),(1542,73,'zh***  ',3,'Earth‘s best 地球最好三段混合谷物米粉',10,'2017-4-24	3:52:04'),(1543,9,'ke***  ',2,'Earth‘s best 地球最好三段混合谷物米粉',10,'2017-4-19	14:32:47'),(1544,73,'zh***  ',3,'Earth‘s best 地球最好三段混合谷物米粉',10,'2017-4-16	1:40:03'),(1545,52,'li***  ',4,'Earth‘s best 地球最好三段混合谷物米粉',10,'2017-4-11	22:39:28'),(1546,52,'li***  ',2,'Earth‘s best 地球最好三段混合谷物米粉',10,'2017-4-12	23:21:21'),(1547,73,'zh***  ',2,'Earth‘s best 地球最好三段混合谷物米粉',10,'2017-4-11	22:50:46'),(1548,51,'ti***  ',12,'Earth‘s best 地球最好三段混合谷物米粉',10,'2017-3-28	16:22:51'),(1549,41,'13***  ',1,'Earth‘s best 地球最好三段混合谷物米粉',10,'2017-4-1	21:56:12'),(1550,73,'zh***  ',5,'Earth‘s best 地球最好三段混合谷物米粉',10,'2017-3-31	1:32:31'),(1551,12,'gr***  ',8,'Earth‘s best 地球最好三段混合谷物米粉',10,'2017-3-29	2:48:42'),(1552,47,'18***  ',1,'Earth‘s best 地球最好三段混合谷物米粉',10,'2017-3-28	16:54:16'),(1553,42,'iv***  ',2,'Earth‘s best 地球最好三段混合谷物米粉',10,'2017-3-29	3:59:30'),(1554,73,'zh***  ',1,'Earth‘s best 地球最好三段混合谷物米粉',10,'2017-3-29	1:44:28'),(1555,45,'丁健  ',12,'Earth‘s best 地球最好三段混合谷物米粉',10,'2017-3-24	18:53:25'),(1556,52,'li***  ',3,'Earth‘s best 地球最好三段混合谷物米粉',10,'2017-3-25	22:39:23'),(1557,45,'丁健  ',12,'Earth‘s best 地球最好三段混合谷物米粉',10,'2017-3-24	18:53:25'),(1558,47,'18***  ',1,'Earth‘s best 地球最好三段混合谷物米粉',10,'2017-3-23	14:59:37'),(1559,33,'ch***  ',2,'Earth‘s best 地球最好三段混合谷物米粉',10,'2017-3-20	22:26:17'),(1560,73,'zh***  ',3,'Earth‘s best 地球最好三段混合谷物米粉',10,'2017-3-20	16:28:38'),(1561,73,'zh***  ',2,'Earth‘s best 地球最好三段混合谷物米粉',10,'2017-3-20	21:36:44'),(1562,52,'li***  ',1,'Earth‘s best 地球最好三段混合谷物米粉',10,'2017-3-16	21:24:30'),(1563,21,'高级***  ',1,'Earth‘s best 地球最好三段混合谷物米粉',10,'2017-3-17	15:50:00'),(1564,73,'zh***  ',2,'Earth‘s best 地球最好三段混合谷物米粉',10,'2017-3-18	2:03:38'),(1565,34,'ry***  ',3,'Earth‘s best 地球最好三段混合谷物米粉',10,'2017-3-15	0:46:43'),(1566,33,'ch***  ',2,'Earth‘s best 地球最好三段混合谷物米粉',10,'2017-3-14	0:01:29'),(1567,45,'丁健  ',12,'Earth‘s best 地球最好三段混合谷物米粉',10,'2017-3-9	22:41:14'),(1568,47,'18***  ',5,'Earth‘s best 地球最好三段混合谷物米粉',10,'2017-3-9	22:37:11'),(1569,34,'ry***  ',4,'Earth‘s best 地球最好三段混合谷物米粉',10,'2017-3-8	0:36:50'),(1570,73,'zh***  ',3,'Earth‘s best 地球最好三段混合谷物米粉',10,'2017-3-7	1:48:41'),(1571,31,'99***  ',4,'Earth‘s best 地球最好三段混合谷物米粉',10,'2017-3-4	9:48:15'),(1572,33,'ch***  ',2,'Earth‘s best 地球最好三段混合谷物米粉',10,'2017-2-27	2:09:42'),(1573,60,'le***  ',4,'Earth‘s best 地球最好三段混合谷物米粉',10,'2017-2-25	10:37:03'),(1574,20,'零售***  ',1,'Earth‘s best 地球最好三段混合谷物米粉',10,'2017-2-28	6:49:27'),(1575,52,'li***  ',1,'Earth‘s best 地球最好三段混合谷物米粉',10,'2017-2-23	17:20:09'),(1576,11,'15***  ',1,'Earth‘s best 地球最好三段混合谷物米粉',10,'2017-2-19	0:06:45'),(1577,12,'gr***  ',5,'Earth‘s best 地球最好三段混合谷物米粉',10,'2017-2-20	18:35:05'),(1578,26,'小阿***  ',5,'Earth‘s best 地球最好三段混合谷物米粉',10,'2017-2-20	13:32:33'),(1579,73,'zh***  ',5,'Earth‘s best 地球最好三段混合谷物米粉',10,'2017-2-19	0:24:21'),(1580,34,'ry***  ',7,'Earth‘s best 地球最好三段混合谷物米粉',10,'2017-2-16	16:49:32'),(1581,12,'gr***  ',6,'Earth‘s best 地球最好三段混合谷物米粉',10,'2017-2-17	16:00:17'),(1582,11,'15***  ',4,'Earth‘s best 地球最好三段混合谷物米粉',10,'2017-2-15	0:01:16'),(1583,37,'李美***  ',3,'Earth‘s best 地球最好三段混合谷物米粉',10,'2017-2-11	9:28:45'),(1584,73,'zh***  ',3,'Earth‘s best 地球最好三段混合谷物米粉',10,'2017-2-8	23:17:06'),(1585,18,'vi***  ',12,'Earth‘s best 地球最好三段混合谷物米粉',10,'2017-1-27	11:17:07'),(1586,47,'18***  ',5,'Earth‘s best 地球最好三段混合谷物米粉',10,'2017-1-16	9:10:43'),(1587,60,'le***  ',2,'Earth‘s best 地球最好三段混合谷物米粉',10,'2017-1-16	22:10:58'),(1588,31,'99***  ',3,'Earth‘s best 地球最好三段混合谷物米粉',10,'2017-1-12	14:10:33'),(1589,60,'le***  ',2,'Earth‘s best 地球最好三段混合谷物米粉',10,'2017-1-16	22:10:58'),(1590,31,'99***  ',3,'Earth‘s best 地球最好三段混合谷物米粉',10,'2017-1-12	14:10:33'),(1591,73,'zh***  ',1,'Earth‘s best 地球最好三段混合谷物米粉',10,'2017-1-16	22:16:29'),(1592,73,'zh***  ',3,'Earth‘s best 地球最好三段混合谷物米粉',10,'2017-1-17	2:10:31'),(1593,33,'ch***  ',1,'Earth‘s best 地球最好三段混合谷物米粉',10,'2017-1-14	2:40:55'),(1594,2,'朱崽***  ',5,'Earth‘s best 地球最好三段混合谷物米粉',10,'2017-1-11	15:35:20'),(1595,33,'ch***  ',1,'Earth‘s best 地球最好三段混合谷物米粉',10,'2017-1-12	2:57:00'),(1596,51,'ti***  ',12,'Earth‘s best 地球最好三段混合谷物米粉',10,'2017-1-4	17:46:31'),(1597,73,'zh***  ',3,'Earth‘s best 地球最好三段混合谷物米粉',10,'2017-1-11	18:41:30'),(1598,30,'初级***  ',5,'Earth‘s best 地球最好三段混合谷物米粉',10,'2017-1-11	3:35:54'),(1599,50,'莫小***  ',3,'Earth‘s best 地球最好三段混合谷物米粉',10,'2017-1-6	13:16:01'),(1600,34,'ry***  ',5,'Earth‘s best 地球最好三段混合谷物米粉',10,'2017-1-9	21:11:20'),(1601,73,'zh***  ',3,'Earth‘s best 地球最好三段混合谷物米粉',10,'2016-12-31	12:24:16'),(1602,73,'zh***  ',3,'Earth‘s best 地球最好三段混合谷物米粉',10,'2016-12-31	12:24:16'),(1603,12,'gr***  ',3,'Earth‘s best 地球最好三段混合谷物米粉',10,'2017-1-4	3:55:49'),(1604,52,'li***  ',1,'Earth‘s best 地球最好三段混合谷物米粉',10,'2017-1-3	22:29:11'),(1605,51,'ti***  ',12,'Earth‘s best 地球最好三段混合谷物米粉',10,'2017-1-4	17:46:31'),(1606,16,'中级***  ',10,'Earth‘s best 地球最好三段混合谷物米粉',10,'2016-12-25	19:08:55'),(1607,21,'高级***  ',5,'Earth‘s best 地球最好三段混合谷物米粉',10,'2016-12-20	9:50:08'),(1608,73,'zh***  ',3,'Earth‘s best 地球最好三段混合谷物米粉',10,'2016-12-20	22:10:46'),(1609,2,'朱崽***  ',5,'Earth‘s best 地球最好三段混合谷物米粉',10,'2016-12-15	22:55:22'),(1610,54,'糖糖***  ',12,'Earth‘s best 地球最好三段混合谷物米粉',10,'2016-12-16	1:55:20'),(1611,16,'中级***  ',15,'Earth‘s best 地球最好三段混合谷物米粉',10,'2016-12-16	7:42:58'),(1612,73,'zh***  ',3,'Earth‘s best 地球最好三段混合谷物米粉',10,'2016-12-14	23:59:00'),(1613,34,'ry***  ',2,'Earth‘s best 地球最好三段混合谷物米粉',10,'2016-12-9	22:09:22'),(1614,52,'li***  ',1,'Earth‘s best 地球最好三段混合谷物米粉',10,'2016-12-5	22:07:11'),(1615,49,'淼妈***  ',5,'Earth‘s best 地球最好三段混合谷物米粉',10,'2016-11-25	11:06:43'),(1616,73,'zh***  ',3,'Earth‘s best 地球最好三段混合谷物米粉',10,'2016-12-5	0:08:44'),(1617,73,'zh***  ',4,'Earth‘s best 地球最好三段混合谷物米粉',10,'2016-12-4	12:14:59'),(1618,52,'li***  ',1,'Earth‘s best 地球最好三段混合谷物米粉',10,'2016-12-1	23:07:02'),(1619,12,'gr***  ',4,'Earth‘s best 地球最好三段混合谷物米粉',10,'2016-11-28	0:47:03'),(1620,49,'淼妈***  ',5,'Earth‘s best 地球最好三段混合谷物米粉',10,'2016-11-25	11:06:43'),(1621,63,'ca***  ',2,'Earth‘s best 地球最好三段混合谷物米粉',10,'2016-11-23	11:35:05'),(1622,52,'li***  ',2,'Earth‘s best 地球最好三段混合谷物米粉',10,'2016-11-22	23:59:10'),(1623,51,'ti***  ',5,'Earth‘s best 地球最好三段混合谷物米粉',10,'2016-11-20	18:51:07'),(1624,54,'糖糖***  ',2,'Earth‘s best 地球最好三段混合谷物米粉',10,'2016-11-21	10:09:48'),(1625,30,'初级***  ',6,'Earth‘s best 地球最好三段混合谷物米粉',10,'2016-11-17	8:46:24'),(1626,34,'ry***  ',1,'Earth‘s best 地球最好三段混合谷物米粉',10,'2016-11-17	0:15:25'),(1627,4,'任淑***  ',3,'Earth‘s best 地球最好三段混合谷物米粉',10,'2016-11-15	2:53:56'),(1628,73,'zh***  ',3,'Earth‘s best 地球最好三段混合谷物米粉',10,'2016-11-11	1:42:28'),(1629,31,'99***  ',1,'Earth‘s best 地球最好三段混合谷物米粉',10,'2016-11-12	3:52:31'),(1630,52,'li***  ',1,'Earth‘s best 地球最好三段混合谷物米粉',10,'2016-11-4	23:42:37'),(1631,34,'ry***  ',1,'Earth‘s best 地球最好三段混合谷物米粉',10,'2016-11-4	9:26:49'),(1632,73,'zh***  ',2,'Earth‘s best 地球最好三段混合谷物米粉',10,'2016-11-2	0:54:11'),(1633,73,'zh***  ',2,'Earth‘s best 地球最好三段混合谷物米粉',10,'2016-11-2	0:54:11'),(1634,73,'zh***  ',3,'Earth‘s best 地球最好三段混合谷物米粉',10,'2016-10-22	16:08:10'),(1635,10,'sa***  ',2,'Earth‘s best 地球最好三段混合谷物米粉',10,'2016-10-26	21:50:32'),(1636,73,'zh***  ',3,'Earth‘s best 地球最好三段混合谷物米粉',10,'2016-10-22	16:08:10'),(1637,50,'莫小***  ',10,'Earth‘s best 地球最好三段混合谷物米粉',10,'2016-10-10	22:57:06'),(1638,16,'中级***  ',2,'Earth‘s best 地球最好三段混合谷物米粉',10,'2016-10-22	6:20:54'),(1639,31,'99***  ',2,'Earth‘s best 地球最好三段混合谷物米粉',10,'2016-9-8	3:48:10'),(1640,21,'高级***  ',6,'Earth‘s best 地球最好三段混合谷物米粉',10,'2016-10-13	6:14:19'),(1641,30,'初级***  ',5,'Earth‘s best 地球最好三段混合谷物米粉',10,'2016-10-13	12:00:23'),(1642,6,'zy  ',6,'Earth‘s best 地球最好三段混合谷物米粉',10,'2016-10-7	10:44:10'),(1643,76,'彤彤***  ',6,'Earth‘s best 地球最好三段混合谷物米粉',10,'2016-10-4	17:11:01'),(1644,45,'丁健  ',12,'Earth‘s best 地球最好三段混合谷物米粉',10,'2016-10-3	1:35:25'),(1645,45,'丁健  ',12,'Earth‘s best 地球最好三段混合谷物米粉',10,'2016-10-3	1:35:25'),(1646,34,'ry***  ',2,'Earth‘s best 地球最好三段混合谷物米粉',10,'2016-9-22	19:08:01'),(1647,39,'we***  ',2,'Earth‘s best 地球最好三段混合谷物米粉',10,'2016-9-10	1:06:34'),(1648,50,'莫小***  ',1,'Earth‘s best 地球最好三段混合谷物米粉',10,'2016-8-31	15:45:09'),(1649,50,'莫小***  ',1,'Earth‘s best 地球最好三段混合谷物米粉',10,'2016-8-31	15:45:09'),(1650,51,'ti***  ',12,'Earth‘s best 地球最好三段混合谷物米粉',10,'2016-8-30	17:21:45'),(1651,63,'ca***  ',7,'Earth‘s best 地球最好三段混合谷物米粉',10,'2016-8-30	19:53:11'),(1652,45,'丁健  ',4,'Earth‘s best 地球最好三段混合谷物米粉',10,'2016-8-28	14:09:04'),(1653,45,'丁健  ',4,'Earth‘s best 地球最好三段混合谷物米粉',10,'2016-8-28	14:09:04'),(1654,72,'大米  ',2,'Earth‘s best 地球最好三段混合谷物米粉',10,'2016-8-19	11:06:49'),(1655,52,'li***  ',2,'Earth‘s best 地球最好三段混合谷物米粉',10,'2016-8-18	23:46:59'),(1656,52,'li***  ',2,'Earth‘s best 地球最好三段混合谷物米粉',10,'2016-8-18	23:46:59'),(1657,63,'ca***  ',2,'Earth‘s best 地球最好三段混合谷物米粉',10,'2016-8-16	20:26:39'),(1658,39,'we***  ',1,'Earth‘s best 地球最好三段混合谷物米粉',10,'2016-8-4	23:51:40'),(1659,76,'彤彤***  ',5,'Earth‘s best 地球最好三段混合谷物米粉',10,'2016-8-3	13:15:34'),(1660,54,'糖糖***  ',4,'Earth‘s best 地球最好三段混合谷物米粉',10,'2016-7-28	17:10:14'),(1661,63,'ca***  ',2,'Earth‘s best 地球最好三段混合谷物米粉',10,'2016-7-25	14:21:39'),(1662,4,'任淑***  ',2,'Earth‘s best 地球最好三段混合谷物米粉',10,'2016-7-26	1:21:24'),(1663,64,'bo***  ',1,'Earth‘s best 地球最好三段混合谷物米粉',10,'2016-7-22	5:18:23'),(1664,62,'ro***  ',1,'Earth‘s best 地球最好三段混合谷物米粉',10,'2016-7-20	2:51:25'),(1665,26,'小阿***  ',5,'Earth‘s best 地球最好三段混合谷物米粉',10,'2016-7-14	16:24:25'),(1666,26,'小阿***  ',5,'Earth‘s best 地球最好三段混合谷物米粉',10,'2016-7-14	16:24:25'),(1667,51,'ti***  ',12,'Earth‘s best 地球最好三段混合谷物米粉',10,'2016-7-9	11:09:30'),(1668,34,'ry***  ',2,'Earth‘s best 地球最好三段混合谷物米粉',10,'2016-7-13	1:48:40'),(1669,64,'bo***  ',10,'Earth‘s best 地球最好三段混合谷物米粉',10,'2016-7-2	6:21:34'),(1670,63,'ca***  ',1,'Earth‘s best 地球最好三段混合谷物米粉',10,'2016-6-16	14:31:23'),(1671,32,'李丽***  ',3,'Earth‘s best 地球最好三段混合谷物米粉',10,'2016-6-6	23:07:56'),(1672,32,'李丽***  ',3,'Earth‘s best 地球最好三段混合谷物米粉',10,'2016-6-6	23:07:56'),(1673,26,'小阿***  ',3,'Earth‘s best 地球最好三段混合谷物米粉',10,'2016-6-1	17:42:50'),(1674,24,'暖颜  ',5,'Earth‘s best 地球最好三段混合谷物米粉',10,'2016-5-31	10:18:56'),(1675,25,'张安***  ',1,'Earth‘s best 地球最好三段混合谷物米粉',10,'2016-5-31	13:02:44'),(1676,51,'ti***  ',12,'Earth‘s best 地球最好三段混合谷物米粉',10,'2016-5-25	18:09:54'),(1677,26,'小阿***  ',3,'Earth‘s best 地球最好三段混合谷物米粉',10,'2016-5-26	16:34:52'),(1678,30,'初级***  ',6,'Earth‘s best 地球最好三段混合谷物米粉',10,'2016-5-27	8:05:57'),(1679,64,'bo***  ',2,'Earth‘s best 地球最好三段混合谷物米粉',10,'2016-5-25	2:59:16'),(1680,24,'暖颜  ',1,'Earth‘s best 地球最好三段混合谷物米粉',10,'2016-5-19	22:30:00'),(1681,12,'gr***  ',3,'Earth‘s best 地球最好三段混合谷物米粉',10,'2016-5-16	8:43:00'),(1682,24,'暖颜  ',1,'Earth‘s best 地球最好三段混合谷物米粉',10,'2016-5-18	0:29:03'),(1683,72,'大米  ',2,'Earth‘s best 地球最好三段混合谷物米粉',10,'2016-5-13	11:08:11'),(1684,63,'ca***  ',2,'Earth‘s best 地球最好三段混合谷物米粉',10,'2016-5-10	22:19:13'),(1685,6,'zy  ',5,'Earth‘s best 地球最好三段混合谷物米粉',10,'2016-4-17	18:16:20'),(1686,63,'ca***  ',3,'Earth‘s best 地球最好三段混合谷物米粉',10,'2016-4-18	7:55:57'),(1687,35,'fe***  ',4,'Earth‘s best 地球最好三段混合谷物米粉',10,'2016-4-13	15:50:42'),(1688,63,'ca***  ',1,'Earth‘s best 地球最好三段混合谷物米粉',10,'2016-4-12	8:50:21'),(1689,32,'李丽***  ',3,'Earth‘s best 地球最好三段混合谷物米粉',10,'2016-4-8	21:26:44'),(1690,6,'zy  ',6,'Earth‘s best 地球最好三段混合谷物米粉',10,'2016-4-3	13:07:41'),(1691,63,'ca***  ',2,'Earth‘s best 地球最好三段混合谷物米粉',10,'2016-3-31	18:29:00'),(1692,51,'ti***  ',12,'Earth‘s best 地球最好三段混合谷物米粉',10,'2016-3-4	12:30:43'),(1693,54,'糖糖***  ',2,'Earth‘s best 地球最好三段混合谷物米粉',10,'2016-3-17	15:28:46'),(1694,6,'zy  ',5,'Earth‘s best 地球最好三段混合谷物米粉',10,'2016-3-25	20:21:33'),(1695,54,'糖糖***  ',2,'Earth‘s best 地球最好三段混合谷物米粉',10,'2016-3-17	15:28:46'),(1696,63,'ca***  ',4,'Earth‘s best 地球最好三段混合谷物米粉',10,'2016-3-23	23:58:25'),(1697,76,'彤彤***  ',12,'Earth‘s best 地球最好三段混合谷物米粉',10,'2016-3-17	15:01:54'),(1698,63,'ca***  ',2,'Earth‘s best 地球最好三段混合谷物米粉',10,'2016-3-17	13:47:14'),(1699,54,'糖糖***  ',2,'Earth‘s best 地球最好三段混合谷物米粉',10,'2016-3-17	15:28:46'),(1700,63,'ca***  ',1,'Earth‘s best 地球最好三段混合谷物米粉',10,'2016-3-9	8:31:28'),(1701,60,'le***  ',5,'Earth‘s best 地球最好三段混合谷物米粉',10,'2016-2-28	6:29:53'),(1702,72,'大米  ',1,'Earth‘s best 地球最好三段混合谷物米粉',10,'2016-2-26	15:39:54'),(1703,15,'to***  ',4,'Earth‘s best 地球最好三段混合谷物米粉',10,'2016-2-24	23:42:39'),(1704,51,'ti***  ',8,'Earth‘s best 地球最好三段混合谷物米粉',10,'2016-2-11	16:07:47'),(1705,76,'彤彤***  ',5,'Earth‘s best 地球最好三段混合谷物米粉',10,'2016-1-12	13:35:55'),(1706,6,'zy  ',6,'Earth‘s best 地球最好三段混合谷物米粉',10,'2016-1-12	13:47:24'),(1707,27,'ka***  ',3,'Earth‘s best 地球最好三段混合谷物米粉',10,'2016-1-9	3:10:17'),(1708,52,' li*** ',12,'西梅泥',11,'2017-4-17	22:27:14'),(1709,73,' zh*** ',5,'西梅泥',11,'2017-4-7	0:52:51'),(1710,59,' 贝乐 ',3,'南瓜',11,'2017-4-3	19:24:04'),(1711,59,' 贝乐 ',3,'黄桃',11,'2017-4-3	19:24:04'),(1712,59,' 贝乐 ',3,'苹果西梅',11,'2017-4-3	19:24:04'),(1713,59,' 贝乐 ',3,'西梅泥',11,'2017-4-3	19:24:04'),(1714,59,' 贝乐 ',3,'胡萝卜菠菜泥',11,'2017-4-3	19:24:04'),(1715,73,' zh*** ',2,'黄桃',11,'2017-4-5	12:28:36'),(1716,73,' zh*** ',5,'西梅泥',11,'2017-4-5	12:28:36'),(1717,73,' zh*** ',5,'西梅泥',11,'2017-3-31	1:32:31'),(1718,73,' zh*** ',4,'西梅泥',11,'2017-3-23	23:33:40'),(1719,51,' ti*** ',5,'苹果西梅',11,'2017-3-16	15:22:15'),(1720,51,' ti*** ',5,'西梅泥',11,'2017-3-16	15:22:15'),(1721,63,' ca*** ',2,'西梅泥',11,'2017-3-21	16:59:15'),(1722,52,' li*** ',2,'豌豆泥',11,'2017-3-17	23:50:09'),(1723,52,' li*** ',5,'西梅泥',11,'2017-3-17	23:50:09'),(1724,52,' li*** ',2,'胡萝卜菠菜泥',11,'2017-3-17	23:50:09'),(1725,52,' li*** ',2,'绿豆角泥',11,'2017-3-17	23:50:09'),(1726,21,' 高级*** ',4,'西梅泥',11,'2017-3-17	15:50:00'),(1727,73,' zh*** ',2,'豌豆泥',11,'2017-3-17	20:11:31'),(1728,52,'li***  ',12,'西梅泥',11,'2017-4-17	22:27:14'),(1729,73,'zh***  ',5,'西梅泥',11,'2017-4-7	0:52:51'),(1730,59,'贝乐  ',3,'南瓜',11,'2017-4-3	19:24:04'),(1731,59,'贝乐  ',3,'黄桃',11,'2017-4-3	19:24:04'),(1732,59,'贝乐  ',3,'苹果西梅',11,'2017-4-3	19:24:04'),(1733,59,'贝乐  ',3,'西梅泥',11,'2017-4-3	19:24:04'),(1734,59,'贝乐  ',3,'胡萝卜菠菜泥',11,'2017-4-3	19:24:04'),(1735,73,'zh***  ',2,'黄桃',11,'2017-4-5	12:28:36'),(1736,73,'zh***  ',5,'西梅泥',11,'2017-4-5	12:28:36'),(1737,73,'zh***  ',5,'西梅泥',11,'2017-3-31	1:32:31'),(1738,73,'zh***  ',4,'西梅泥',11,'2017-3-23	23:33:40'),(1739,51,'ti***  ',5,'苹果西梅',11,'2017-3-16	15:22:15'),(1740,51,'ti***  ',5,'西梅泥',11,'2017-3-16	15:22:15'),(1741,63,'ca***  ',2,'西梅泥',11,'2017-3-21	16:59:15'),(1742,52,'li***  ',2,'豌豆泥',11,'2017-3-17	23:50:09'),(1743,52,'li***  ',5,'西梅泥',11,'2017-3-17	23:50:09'),(1744,52,'li***  ',2,'胡萝卜菠菜泥',11,'2017-3-17	23:50:09'),(1745,52,'li***  ',2,'绿豆角泥',11,'2017-3-17	23:50:09'),(1746,21,'高级***  ',4,'西梅泥',11,'2017-3-17	15:50:00'),(1747,73,'zh***  ',2,'豌豆泥',11,'2017-3-17	20:11:31'),(1748,73,'zh***  ',3,'西梅泥',11,'2017-3-17	20:11:31'),(1749,51,'ti***  ',5,'苹果西梅',11,'2017-3-16	15:22:15'),(1750,51,'ti***  ',5,'西梅泥',11,'2017-3-16	15:22:15'),(1751,73,'zh***  ',1,'西梅泥',11,'2017-3-9	16:45:54'),(1752,73,'zh***  ',1,'黄桃',11,'2017-3-3	15:02:05'),(1753,73,'zh***  ',1,'苹果西梅',11,'2017-3-3	15:02:05'),(1754,73,'zh***  ',1,'胡萝卜菠菜泥',11,'2017-3-3	15:02:05'),(1755,73,'zh***  ',1,'胡萝卜菠菜泥',11,'2017-3-1	17:55:49'),(1756,73,'zh***  ',5,'西梅泥',11,'2017-2-28	14:41:25'),(1757,21,'高级***  ',30,'西梅泥',11,'2017-2-25	10:35:26'),(1758,73,'zh***  ',1,'豌豆泥',11,'2017-2-27	22:55:37'),(1759,73,'zh***  ',1,'西梅泥',11,'2017-2-27	22:55:37'),(1760,52,'li***  ',2,'黄桃',11,'2017-2-22	21:03:09'),(1761,73,'zh***  ',2,'梨',11,'2017-2-22	0:20:57'),(1762,73,'zh***  ',2,'黄桃',11,'2017-2-22	0:20:57'),(1763,73,'zh***  ',5,'西梅泥',11,'2017-2-22	0:20:57'),(1764,73,'zh***  ',2,'西梅泥',11,'2017-2-20	23:32:03'),(1765,73,'zh***  ',2,'豌豆泥',11,'2017-2-21	23:49:17'),(1766,73,'zh***  ',5,'西梅泥',11,'2017-2-21	0:17:29'),(1767,52,'li***  ',2,'黄桃',11,'2017-2-20	22:30:32'),(1768,52,'li***  ',1,'苹果西梅',11,'2017-2-20	22:30:32'),(1769,52,'li***  ',2,'西梅泥',11,'2017-2-20	22:30:32'),(1770,52,'li***  ',1,'胡萝卜菠菜泥',11,'2017-2-20	22:30:32'),(1771,52,'li***  ',1,'绿豆角泥',11,'2017-2-20	22:30:32'),(1772,73,'zh***  ',1,'豌豆泥',11,'2017-2-18	13:15:08'),(1773,58,'yy***  ',5,'西梅泥',11,'2017-2-16	0:50:00'),(1774,52,'li***  ',3,'苹果西梅',11,'2017-2-17	23:55:54'),(1775,52,'li***  ',2,'西梅泥',11,'2017-2-17	23:55:54'),(1776,73,'zh***  ',3,'西梅泥',11,'2017-2-7	20:50:57'),(1777,72,'大米  ',1,'苹果西梅',11,'2017-2-16	10:00:46'),(1778,72,'大米  ',2,'西梅泥',11,'2017-2-16	10:00:46'),(1779,73,'zh***  ',2,'西梅泥',11,'2017-2-16	23:21:46'),(1780,79,'赖赖  ',3,'苹果西梅',11,'2017-2-9	21:19:42'),(1781,79,'赖赖  ',3,'西梅泥',11,'2017-2-9	21:19:42'),(1782,79,'赖赖  ',4,'香蕉果泥',11,'2017-2-9	21:19:42'),(1783,73,'zh***  ',5,'西梅泥',11,'2017-2-8	23:17:06'),(1784,73,'zh***  ',3,'西梅泥',11,'2017-2-7	20:50:57'),(1785,51,'ti***  ',5,'西梅泥',11,'2017-2-3	14:11:57'),(1786,12,'gr***  ',5,'豌豆泥',11,'2017-1-12	21:54:28'),(1787,12,'gr***  ',5,'西梅泥',11,'2017-1-12	21:54:28'),(1788,12,'gr***  ',5,'胡萝卜菠菜泥',11,'2017-1-12	21:54:28'),(1789,12,'gr***  ',5,'绿豆角泥',11,'2017-1-12	21:54:28'),(1790,47,'18***  ',1,'豌豆泥',11,'2017-1-16	9:10:43'),(1791,47,'18***  ',1,'西梅泥',11,'2017-1-16	9:10:43'),(1792,47,'18***  ',1,'胡萝卜菠菜泥',11,'2017-1-16	9:10:43'),(1793,47,'18***  ',1,'绿豆角泥',11,'2017-1-16	9:10:43'),(1794,52,'li***  ',2,'苹果西梅',11,'2017-1-17	20:50:00'),(1795,52,'li***  ',2,'豌豆泥',11,'2017-1-17	20:50:00'),(1796,52,'li***  ',2,'西梅泥',11,'2017-1-17	20:50:00'),(1797,52,'li***  ',2,'胡萝卜菠菜泥',11,'2017-1-17	20:50:00'),(1798,52,'li***  ',2,'绿豆角泥',11,'2017-1-17	20:50:00'),(1799,52,'li***  ',2,'香蕉果泥',11,'2017-1-17	20:50:00'),(1800,12,'gr***  ',5,'豌豆泥',11,'2017-1-12	21:54:28'),(1801,12,'gr***  ',5,'西梅泥',11,'2017-1-12	21:54:28'),(1802,12,'gr***  ',5,'胡萝卜菠菜泥',11,'2017-1-12	21:54:28'),(1803,12,'gr***  ',5,'绿豆角泥',11,'2017-1-12	21:54:28'),(1804,73,'zh***  ',1,'苹果西梅',11,'2017-1-7	21:08:32'),(1805,73,'zh***  ',1,'西梅泥',11,'2017-1-7	21:08:32'),(1806,73,'zh***  ',1,'胡萝卜菠菜泥',11,'2017-1-7	21:08:32'),(1807,73,'zh***  ',1,'香蕉果泥',11,'2017-1-7	21:08:32'),(1808,73,'zh***  ',1,'苹果西梅',11,'2017-1-7	21:08:32'),(1809,73,'zh***  ',1,'西梅泥',11,'2017-1-7	21:08:32'),(1810,73,'zh***  ',1,'胡萝卜菠菜泥',11,'2017-1-7	21:08:32'),(1811,73,'zh***  ',1,'香蕉果泥',11,'2017-1-7	21:08:32'),(1812,73,'zh***  ',6,'西梅泥',11,'2017-1-7	19:40:24'),(1813,52,'li***  ',1,'苹果西梅',11,'2017-1-8	22:03:23'),(1814,41,'13***  ',5,'豌豆泥',11,'2016-12-29	19:45:33'),(1815,41,'13***  ',10,'西梅泥',11,'2016-12-29	19:45:33'),(1816,41,'13***  ',5,'绿豆角泥',11,'2016-12-29	19:45:33'),(1817,58,'yy***  ',3,'苹果西梅',11,'2016-12-27	23:58:51'),(1818,58,'yy***  ',3,'豌豆泥',11,'2016-12-27	23:58:51'),(1819,58,'yy***  ',5,'西梅泥',11,'2016-12-27	23:58:51'),(1820,58,'yy***  ',3,'胡萝卜菠菜泥',11,'2016-12-27	23:58:51'),(1821,58,'yy***  ',3,'绿豆角泥',11,'2016-12-27	23:58:51'),(1822,58,'yy***  ',3,'香蕉果泥',11,'2016-12-27	23:58:51'),(1823,73,'zh***  ',5,'西梅泥',11,'2016-12-20	22:10:46'),(1824,47,'18***  ',1,'豌豆泥',11,'2016-12-15	21:17:58'),(1825,47,'18***  ',1,'西梅泥',11,'2016-12-15	21:17:58'),(1826,47,'18***  ',1,'胡萝卜菠菜泥',11,'2016-12-15	21:17:58'),(1827,47,'18***  ',1,'绿豆角泥',11,'2016-12-15	21:17:58'),(1828,73,'zh***  ',2,'西梅泥',11,'2016-12-14	15:50:18'),(1829,73,'zh***  ',3,'西梅泥',11,'2016-12-6	23:03:43'),(1830,73,'zh***  ',2,'绿豆角泥',11,'2016-12-6	23:03:43'),(1831,67,'he***  ',1,'苹果西梅',11,'2016-12-5	12:00:15'),(1832,67,'he***  ',1,'胡萝卜菠菜泥',11,'2016-12-5	12:00:15'),(1833,73,'zh***  ',4,'豌豆泥',11,'2016-12-5	0:02:15'),(1834,73,'zh***  ',1,'西梅泥',11,'2016-12-1	14:40:03'),(1835,73,'zh***  ',1,'绿豆角泥',11,'2016-12-1	14:40:03'),(1836,52,'li***  ',1,'苹果西梅',11,'2016-11-22	23:44:26'),(1837,52,'li***  ',2,'豌豆泥',11,'2016-11-22	23:44:26'),(1838,52,'li***  ',3,'西梅泥',11,'2016-11-22	23:44:26'),(1839,60,'le***  ',4,'苹果西梅',11,'2016-11-8	10:44:01'),(1840,60,'le***  ',4,'豌豆泥',11,'2016-11-8	10:44:01'),(1841,60,'le***  ',4,'西梅泥',11,'2016-11-8	10:44:01'),(1842,60,'le***  ',4,'绿豆角泥',11,'2016-11-8	10:44:01'),(1843,60,'le***  ',2,'香蕉果泥',11,'2016-11-8	10:44:01'),(1844,16,'中级***  ',5,'西梅泥',11,'2016-11-29	6:44:47'),(1845,52,'li***  ',1,'苹果西梅',11,'2016-11-22	23:44:26'),(1846,52,'li***  ',2,'豌豆泥',11,'2016-11-22	23:44:26'),(1847,52,'li***  ',3,'西梅泥',11,'2016-11-22	23:44:26'),(1848,52,'li***  ',1,'豌豆泥',11,'2016-11-24	0:33:39'),(1849,52,'li***  ',2,'西梅泥',11,'2016-11-24	0:33:39'),(1850,52,'li***  ',1,'胡萝卜菠菜泥',11,'2016-11-24	0:33:39'),(1851,52,'li***  ',1,'绿豆角泥',11,'2016-11-24	0:33:39'),(1852,52,'li***  ',1,'香蕉果泥',11,'2016-11-24	0:33:39'),(1853,73,'zh***  ',1,'豌豆泥',11,'2016-11-20	1:11:49'),(1854,54,'糖糖***  ',3,'豌豆泥',11,'2016-11-21	10:09:48'),(1855,54,'糖糖***  ',5,'西梅泥',11,'2016-11-21	10:09:48'),(1856,54,'糖糖***  ',3,'胡萝卜菠菜泥',11,'2016-11-21	10:09:48'),(1857,73,'zh***  ',4,'豌豆泥',11,'2016-11-14	0:31:20'),(1858,73,'zh***  ',4,'西梅泥',11,'2016-11-14	0:31:20'),(1859,73,'zh***  ',2,'香蕉果泥',11,'2016-11-14	0:31:20'),(1860,60,'le***  ',4,'苹果西梅',11,'2016-11-8	10:44:01'),(1861,60,'le***  ',4,'豌豆泥',11,'2016-11-8	10:44:01'),(1862,60,'le***  ',4,'西梅泥',11,'2016-11-8	10:44:01'),(1863,60,'le***  ',4,'绿豆角泥',11,'2016-11-8	10:44:01'),(1864,60,'le***  ',2,'香蕉果泥',11,'2016-11-8	10:44:01'),(1865,73,'zh***  ',6,'西梅泥',11,'2016-11-1	13:42:50'),(1866,73,'zh***  ',6,'胡萝卜菠菜泥',11,'2016-11-1	13:42:50'),(1867,20,'零售***  ',10,'西梅泥',11,'2016-11-2	14:21:18'),(1868,73,'zh***  ',6,'西梅泥',11,'2016-11-1	13:42:50'),(1869,73,'zh***  ',6,'胡萝卜菠菜泥',11,'2016-11-1	13:42:50'),(1870,72,'大米  ',3,'西梅泥',11,'2016-10-26	21:38:53'),(1871,72,'大米  ',3,'西梅泥',11,'2016-10-26	21:38:53'),(1872,73,'zh***  ',2,'苹果西梅',11,'2016-10-28	18:05:11'),(1873,73,'zh***  ',3,'西梅泥',11,'2016-10-28	18:05:11'),(1874,51,'ti***  ',5,'苹果西梅',11,'2016-10-17	10:28:13'),(1875,51,'ti***  ',5,'西梅泥',11,'2016-10-17	10:28:13'),(1876,73,'zh***  ',4,'苹果西梅',11,'2016-10-13	23:57:02'),(1877,73,'zh***  ',2,'西梅泥',11,'2016-10-13	23:57:02'),(1878,73,'zh***  ',4,'胡萝卜菠菜泥',11,'2016-10-13	23:57:02'),(1879,53,'甜心***  ',6,'西梅泥',11,'2016-10-6	4:40:31'),(1880,34,'ry***  ',2,'苹果西梅',11,'2016-9-22	19:08:01'),(1881,34,'ry***  ',2,'西梅泥',11,'2016-9-22	19:08:01'),(1882,34,'ry***  ',2,'胡萝卜菠菜泥',11,'2016-9-22	19:08:01'),(1883,51,'ti***  ',5,'西梅泥',11,'2016-8-30	17:21:45'),(1884,34,'ry***  ',2,'西梅泥',11,'2016-8-8	20:56:03'),(1885,64,'bo***  ',2,'西梅泥',11,'2016-7-22	5:18:23'),(1886,51,'ti***  ',10,'西梅泥',11,'2016-7-9	11:09:30'),(1887,63,'ca***  ',10,'西梅泥',11,'2016-7-11	20:23:46'),(1888,28,'ba***  ',10,'西梅泥',11,'2016-6-16	6:02:16'),(1889,28,'ba***  ',10,'西梅泥',11,'2016-6-16	6:02:16'),(1890,51,'ti***  ',3,'西梅泥',11,'2016-6-15	10:35:41'),(1891,32,'李丽***  ',2,'西梅泥',11,'2016-6-6	23:07:56'),(1892,63,'ca***  ',10,'西梅泥',11,'2016-6-5	13:45:27'),(1893,32,'李丽***  ',2,'西梅泥',11,'2016-6-6	23:07:56'),(1894,73,'zh***  ',1,'苹果西梅',11,'2016-6-4	9:30:42'),(1895,73,'zh***  ',1,'西梅泥',11,'2016-6-4	9:30:42'),(1896,63,'ca***  ',3,'西梅泥',11,'2016-5-10	22:19:13'),(1897,64,'bo***  ',12,'西梅泥',11,'2016-5-7	3:43:24'),(1898,58,'yy***  ',3,'香蕉果泥',11,'2016-4-30	9:24:05'),(1899,58,'yy***  ',3,'香蕉果泥',11,'2016-4-30	9:24:05'),(1900,73,'zh***  ',2,'豌豆泥',11,'2016-4-15	22:23:55'),(1901,73,'zh***  ',2,'胡萝卜泥',11,'2016-4-15	22:23:55'),(1902,73,'zh***  ',1,'胡萝卜泥',11,'2016-3-5	20:16:36'),(1903,29,'lu***  ',1,'胡萝卜泥',11,'2016-3-1	16:10:19'),(1904,29,'lu***  ',1,'香蕉果泥',11,'2016-3-1	16:10:19'),(1905,12,'gr***  ',10,'胡萝卜泥',11,'2016-3-2	13:44:31'),(1906,12,'gr***  ',5,'香蕉果泥',11,'2016-3-2	13:44:31'),(1907,63,'ca***  ',3,'西梅泥',11,'2016-1-5	0:15:32'),(1908,63,'ca***  ',8,'西梅泥',11,'2015-12-31	13:35:54'),(1909,63,'ca***  ',4,'西梅泥',11,'2015-12-2	0:34:13'),(1910,NULL,NULL,NULL,NULL,NULL,' '),(3820,NULL,NULL,NULL,NULL,NULL,NULL);

/*Table structure for table `tb_users$` */

DROP TABLE IF EXISTS `tb_users$`;

CREATE TABLE `tb_users$` (
  `uid` double NOT NULL AUTO_INCREMENT,
  `username` varchar(255) DEFAULT NULL,
  `qid` double DEFAULT NULL,
  `sex` varchar(255) DEFAULT NULL,
  `password` varchar(255) DEFAULT NULL,
  `age` varchar(255) DEFAULT NULL,
  `location` varchar(255) DEFAULT NULL,
  `production` varchar(255) DEFAULT NULL,
  `money` varchar(255) DEFAULT NULL,
  `pro` varchar(255) DEFAULT NULL,
  PRIMARY KEY (`uid`)
) ENGINE=InnoDB AUTO_INCREMENT=81 DEFAULT CHARSET=utf8;

/*Data for the table `tb_users$` */

insert  into `tb_users$`(`uid`,`username`,`qid`,`sex`,`password`,`age`,`location`,`production`,`money`,`pro`) values (1,'admin',0,'男  ','admin',NULL,NULL,'8,9,',NULL,'8,9,'),(2,'朱崽***  ',1,'女  ',NULL,NULL,NULL,'5,5,6,6,6,6,7,7,7,7,7,7,8,8,8,8,9,9,9,10,10,',NULL,'8,9,6,5,7,10,'),(3,'哟哟***  ',1,'女  ',NULL,NULL,NULL,'4,4,4,5,5,5,5,5,5,5,5,5,5,5,5,5,6,8,9,',NULL,'8,9,6,5,4,'),(4,'任淑***  ',1,'男  ',NULL,NULL,NULL,'4,4,4,4,4,5,5,5,5,6,6,6,6,6,6,6,6,6,6,7,7,7,7,8,8,8,8,9,9,9,9,9,9,9,9,9,9,9,9,10,10,',NULL,'8,9,6,5,7,4,10,'),(5,'hu***  ',1,'女  ',NULL,NULL,NULL,'7,8,',NULL,'7,8,'),(6,'zy  ',1,'男  ',NULL,NULL,NULL,'5,5,5,7,7,7,7,7,7,7,9,10,10,10,10,10,',NULL,'9,7,5,10,'),(7,'er***  ',1,'女  ',NULL,NULL,NULL,'9,',NULL,'9,'),(8,'快乐***  ',1,'女  ',NULL,NULL,NULL,'8,9,',NULL,'8,9,'),(9,'ke***  ',1,'女  ',NULL,NULL,NULL,'10,10,',NULL,'10,'),(10,'sa***  ',1,'女  ',NULL,NULL,NULL,'5,5,6,7,9,9,9,10,',NULL,'9,6,5,7,10,'),(11,'15***  ',1,'男  ',NULL,NULL,NULL,'6,6,6,6,6,6,6,7,9,9,9,10,10,',NULL,'9,6,7,10,'),(12,'gr***  ',1,'男  ',NULL,NULL,NULL,'2,2,2,2,2,2,2,5,5,5,5,7,7,7,7,7,7,7,7,7,8,8,8,8,8,8,8,8,8,8,10,10,10,10,10,10,10,11,11,11,11,11,11,11,11,11,11,',NULL,'8,2,7,5,11,10,'),(13,'aj***  ',1,'男  ',NULL,NULL,NULL,'7,9,9,',NULL,'7,9,'),(14,'曹丹  ',1,'女  ',NULL,NULL,NULL,'7,',NULL,'7,'),(15,'to***  ',1,'男  ',NULL,NULL,NULL,'10,',NULL,'10,'),(16,'中级***  ',1,'女  ',NULL,NULL,NULL,'5,5,5,5,6,6,6,6,6,6,7,7,8,9,9,9,10,10,10,11,',NULL,'8,9,6,5,7,11,10,'),(17,'郭美***  ',1,'女  ',NULL,NULL,NULL,'7,7,9,',NULL,'7,9,'),(18,'vi***  ',1,'男  ',NULL,NULL,NULL,'5,7,8,8,8,8,8,8,9,10,',NULL,'8,9,7,5,10,'),(19,'ae***  ',1,'男  ',NULL,NULL,NULL,'9,',NULL,'9,'),(20,'零售***  ',1,'女  ',NULL,NULL,NULL,'2,3,5,5,8,8,8,9,9,9,10,11,',NULL,'8,9,2,3,5,11,10,'),(21,'高级***  ',1,'男  ',NULL,NULL,NULL,'3,3,3,3,3,4,4,4,4,4,5,5,5,5,5,5,5,5,5,5,6,6,6,6,6,6,6,6,7,7,7,7,8,9,9,9,10,10,10,11,11,11,',NULL,'8,9,3,6,5,7,4,11,10,'),(22,'sl***  ',1,'男  ',NULL,NULL,NULL,'3,3,3,5,5,5,5,9,9,9,9,9,9,9,9,',NULL,'3,9,5,'),(23,'ta***  ',1,'女  ',NULL,NULL,NULL,'6,6,',NULL,'6,'),(24,'暖颜  ',1,'女  ',NULL,NULL,NULL,'7,7,7,7,7,7,7,9,9,9,10,10,10,',NULL,'10,7,9,'),(25,'张安***  ',1,'女  ',NULL,NULL,NULL,'7,10,',NULL,'7,10,'),(26,'小阿***  ',1,'男  ',NULL,NULL,NULL,'1,1,1,1,1,1,2,2,4,4,5,5,5,6,6,6,6,6,6,6,6,6,6,6,6,6,6,6,7,7,7,7,9,9,9,9,9,10,10,10,10,10,',NULL,'1,9,2,6,5,7,4,10,'),(27,'ka***  ',1,'男  ',NULL,NULL,NULL,'7,8,10,',NULL,'7,8,10,'),(28,'ba***  ',1,'男  ',NULL,NULL,NULL,'11,11,',NULL,'11,'),(29,'lu***  ',1,'女  ',NULL,NULL,NULL,'11,11,',NULL,'11,'),(30,'初级***  ',1,'男  ',NULL,NULL,NULL,'3,5,5,7,7,8,8,8,8,8,8,9,9,9,9,10,10,10,10,',NULL,'8,9,3,7,5,10,'),(31,'99***  ',1,'男  ',NULL,NULL,NULL,'2,2,2,2,5,5,5,5,5,5,5,5,7,7,7,7,7,8,8,9,9,9,9,10,10,10,10,10,',NULL,'8,9,2,7,5,10,'),(32,'李丽***  ',1,'女  ',NULL,NULL,NULL,'7,7,7,7,9,10,10,10,11,11,',NULL,'9,7,11,10,'),(33,'ch***  ',1,'男  ',NULL,NULL,NULL,'2,2,2,2,2,2,2,2,2,2,2,2,2,2,2,2,2,2,2,2,2,2,2,2,2,2,2,3,3,3,5,5,5,5,5,5,5,5,5,5,5,5,5,5,5,5,5,5,5,5,5,5,5,5,7,7,7,7,7,7,7,7,7,7,7,7,7,7,7,7,7,7,7,7,7,7,7,7,7,7,7,7,7,7,7,8,8,8,8,8,8,8,8,8,8,8,8,8,8,8,8,8,8,8,8,8,8,8,8,9,9,9,9,9,9,9,9,9,9,9,9,10,10,10,10,',NULL,'8,9,2,3,7,5,10,'),(34,'ry***  ',1,'男  ',NULL,NULL,NULL,'3,3,3,3,3,3,3,3,4,5,5,5,5,5,5,5,6,6,6,7,7,7,7,7,7,7,7,7,7,7,7,7,7,7,8,8,8,8,8,8,8,9,9,9,9,9,9,10,10,10,10,10,10,10,10,10,11,11,11,11,',NULL,'8,9,3,6,5,7,4,11,10,'),(35,'fe***  ',1,'女  ',NULL,NULL,NULL,'7,8,8,9,10,',NULL,'8,9,7,10,'),(36,'fi***  ',1,'女  ',NULL,NULL,NULL,'8,9,',NULL,'8,9,'),(37,'李美***  ',1,'女  ',NULL,NULL,NULL,'3,3,3,7,10,',NULL,'7,3,10,'),(38,'思思***  ',1,'男  ',NULL,NULL,NULL,'8,9,',NULL,'8,9,'),(39,'we***  ',1,'男  ',NULL,NULL,NULL,'7,7,9,10,10,',NULL,'10,7,9,'),(40,'62***  ',1,'女  ',NULL,NULL,NULL,'5,5,5,8,',NULL,'5,8,'),(41,'13***  ',1,'男  ',NULL,NULL,NULL,'7,7,7,8,9,9,9,9,9,9,10,10,11,11,11,',NULL,'8,9,7,11,10,'),(42,'iv***  ',1,'女  ',NULL,NULL,NULL,'8,8,9,10,10,',NULL,'10,8,9,'),(43,'hs***  ',1,'女  ',NULL,NULL,NULL,'2,2,2,2,2,2,2,2,5,5,5,6,6,6,6,6,6,6,6,6,6,6,6,6,6,6,6,6,6,6,6,6,7,8,8,8,',NULL,'8,2,6,5,7,'),(44,'豆豆***  ',1,'女  ',NULL,NULL,NULL,'9,',NULL,'9,'),(45,'丁健  ',1,'男  ',NULL,NULL,NULL,'1,1,1,1,1,1,1,1,3,3,3,3,3,3,4,4,4,4,4,4,4,4,4,4,4,4,4,4,4,4,7,7,7,7,7,7,7,7,7,8,9,9,9,10,10,10,10,10,10,10,10,10,',NULL,'1,8,9,3,7,4,10,'),(46,'彩云  ',1,'男  ',NULL,NULL,NULL,'9,9,9,',NULL,'9,'),(47,'18***  ',1,'男  ',NULL,NULL,NULL,'2,3,3,4,4,4,4,4,4,4,4,4,4,4,5,5,5,5,5,5,5,6,6,6,6,7,7,7,8,8,8,9,9,9,9,9,10,10,10,10,10,10,11,11,11,11,11,11,11,11,',NULL,'8,9,2,3,6,5,7,4,11,10,'),(48,'辣辣  ',1,'女  ',NULL,NULL,NULL,'9,',NULL,'9,'),(49,'淼妈***  ',1,'女  ',NULL,NULL,NULL,'6,6,6,6,6,6,7,7,10,10,',NULL,'6,7,10,'),(50,'莫小***  ',1,'男  ',NULL,NULL,NULL,'5,6,6,6,6,6,6,7,7,7,8,8,8,8,10,10,10,10,',NULL,'8,6,5,7,10,'),(51,'ti***  ',1,'女  ',NULL,NULL,NULL,'3,3,3,3,4,4,4,4,5,5,5,6,6,6,6,6,6,7,7,7,7,7,7,7,7,7,7,7,8,8,8,8,8,8,8,8,8,8,9,9,9,9,9,9,9,9,9,10,10,10,10,10,10,10,10,10,10,11,11,11,11,11,11,11,11,11,11,11,11,',NULL,'8,9,3,6,5,7,4,11,10,'),(52,'li***  ',1,'女  ',NULL,NULL,NULL,'1,1,1,1,1,1,2,2,2,2,2,2,2,2,2,2,3,3,3,3,3,3,3,3,3,3,3,3,3,3,3,3,3,3,3,3,3,3,3,3,3,3,3,3,3,3,3,4,4,4,4,4,4,4,4,4,4,4,4,4,4,4,4,4,4,4,4,4,4,4,4,4,4,5,5,5,5,5,5,5,5,5,5,5,5,6,6,6,6,6,6,6,6,6,6,6,6,6,6,6,6,6,6,6,6,6,6,6,6,6,6,6,6,6,6,6,6,6,6,6,6,6,7,7,7,7,7,',NULL,'1,2,3,6,5,7,4,'),(53,'甜心***  ',1,'女  ',NULL,NULL,NULL,'4,4,4,4,4,5,6,6,6,9,9,9,11,',NULL,'9,6,5,4,11,'),(54,'糖糖***  ',1,'男  ',NULL,NULL,NULL,'2,2,2,2,7,7,7,7,7,7,7,7,7,7,9,9,10,10,10,10,10,10,11,11,11,',NULL,'9,2,7,11,10,'),(55,'bl***  ',1,'女  ',NULL,NULL,NULL,'8,',NULL,'8,'),(56,'李杰  ',1,'女  ',NULL,NULL,NULL,'7,7,',NULL,'7,'),(57,'幺妖  ',1,'女  ',NULL,NULL,NULL,'5,',NULL,'5,'),(58,'yy***  ',1,'男  ',NULL,NULL,NULL,'2,3,3,3,3,3,3,5,5,6,6,6,6,7,7,8,8,8,8,8,8,8,8,8,9,9,9,9,11,11,11,11,11,11,11,11,11,',NULL,'8,9,2,3,6,5,7,11,'),(59,'贝乐  ',1,'男  ',NULL,NULL,NULL,'2,2,2,2,2,2,2,3,3,4,4,4,5,5,6,11,11,11,11,11,11,11,11,11,11,',NULL,'2,3,6,5,4,11,'),(60,'le***  ',1,'男  ',NULL,NULL,NULL,'3,4,4,4,4,4,4,4,4,4,4,4,4,4,4,4,5,5,5,5,5,7,7,7,7,7,7,7,8,8,8,8,8,9,9,9,10,10,10,10,11,11,11,11,11,11,11,11,11,11,',NULL,'8,9,3,7,5,4,11,10,'),(61,'qq***  ',1,'女  ',NULL,NULL,NULL,'5,5,5,5,5,6,6,6,6,6,6,6,6,6,6,6,6,6,6,6,8,8,8,8,8,9,9,9,',NULL,'8,9,6,5,'),(62,'ro***  ',1,'女  ',NULL,NULL,NULL,'5,8,9,9,9,9,9,9,9,10,',NULL,'8,9,5,10,'),(63,'ca***  ',1,'男  ',NULL,NULL,NULL,'3,3,3,3,3,3,4,4,4,4,4,4,4,4,4,4,5,5,5,5,5,5,5,6,6,6,6,6,7,7,7,7,7,7,7,7,7,7,7,7,7,7,7,7,7,7,7,7,7,7,7,7,7,7,8,8,8,8,8,8,8,8,8,8,8,8,8,10,10,10,10,10,10,10,10,10,10,10,10,11,11,11,11,11,11,11,11,',NULL,'8,3,6,5,7,4,11,10,'),(64,'bo***  ',1,'男  ',NULL,NULL,NULL,'5,7,7,7,8,8,8,8,8,8,8,8,8,8,8,9,9,9,9,9,9,9,9,9,9,9,9,9,9,10,10,10,11,11,',NULL,'8,9,7,5,11,10,'),(65,'ji***  ',1,'女  ',NULL,NULL,NULL,'8,',NULL,'8,'),(66,'yf***  ',1,'男  ',NULL,NULL,NULL,'9,9,9,',NULL,'9,'),(67,'he***  ',1,'女  ',NULL,NULL,NULL,'6,6,8,11,11,',NULL,'6,8,11,'),(68,'橙妈  ',1,'女  ',NULL,NULL,NULL,'7,8,8,',NULL,'7,8,'),(69,'姝s***  ',1,'女  ',NULL,NULL,NULL,'4,4,4,4,4,4,5,5,6,6,6,6,6,6,6,6,6,7,7,8,8,8,9,9,9,9,9,',NULL,'8,9,6,5,7,4,'),(70,'金涛***  ',1,'女  ',NULL,NULL,NULL,'1,1,1,1,1,1,1,1,1,1,1,1,1,1,4,4,4,',NULL,'1,4,'),(71,'预定***  ',1,'男  ',NULL,NULL,NULL,'5,',NULL,'5,'),(72,'大米  ',1,'女  ',NULL,NULL,NULL,'1,1,1,1,1,1,3,3,3,3,5,5,5,6,6,6,6,6,6,6,6,6,6,6,6,6,6,7,7,7,7,9,9,9,9,9,9,9,9,9,10,10,10,11,11,11,11,',NULL,'1,9,3,6,5,7,11,10,'),(73,'zh***  ',1,'女  ',NULL,NULL,NULL,'2,2,2,2,2,2,2,2,3,3,3,3,3,3,3,3,3,3,3,3,3,3,3,3,3,3,3,3,3,3,3,3,3,3,3,3,3,3,3,3,3,3,4,4,4,4,4,4,4,4,4,4,4,4,4,4,4,4,4,4,4,4,4,4,4,4,4,4,4,5,5,5,5,5,5,5,5,5,5,5,5,5,5,5,5,5,5,5,5,5,5,5,5,5,5,5,5,5,5,5,5,5,6,6,6,6,6,6,6,6,6,6,6,6,6,6,6,6,6,6,6,6,6,6,6,6,6,',NULL,'2,3,6,5,4,'),(74,'tr***  ',1,'男  ',NULL,NULL,NULL,'4,4,4,4,5,5,6,7,9,9,',NULL,'9,6,5,7,4,'),(75,'糖麻***  ',1,'女  ',NULL,NULL,NULL,'5,5,8,',NULL,'5,8,'),(76,'彤彤***  ',1,'男  ',NULL,NULL,NULL,'4,4,4,4,5,5,5,5,5,7,7,7,7,7,8,8,8,8,8,9,9,9,9,9,9,9,9,9,10,10,10,10,',NULL,'8,9,7,5,4,10,'),(77,'任洪***  ',1,'男  ',NULL,NULL,NULL,'6,6,6,6,',NULL,'6,'),(78,'jo***  ',1,'男  ',NULL,NULL,NULL,'8,9,',NULL,'8,9,'),(79,'赖赖  ',1,'女  ',NULL,NULL,NULL,'4,4,4,4,4,4,4,4,4,4,6,6,6,11,11,11,',NULL,'4,11,6,'),(80,'me***  ',1,'男  ',NULL,NULL,NULL,'5,5,5,5,5,8,9,9,',NULL,'5,9,8,');

/*!40101 SET SQL_MODE=@OLD_SQL_MODE */;
/*!40014 SET FOREIGN_KEY_CHECKS=@OLD_FOREIGN_KEY_CHECKS */;
/*!40014 SET UNIQUE_CHECKS=@OLD_UNIQUE_CHECKS */;
/*!40111 SET SQL_NOTES=@OLD_SQL_NOTES */;
